unsigned char example4_bmp[] = {
  0x42, 0x4d, 0x86, 0x3f, 0x00, 0x00, 0x00, 0x00, 0x00, 0x00, 0x3e, 0x00,
  0x00, 0x00, 0x28, 0x00, 0x00, 0x00, 0xe0, 0x01, 0x00, 0x00, 0x0e, 0x01,
  0x00, 0x00, 0x01, 0x00, 0x01, 0x00, 0x00, 0x00, 0x00, 0x00, 0x48, 0x3f,
  0x00, 0x00, 0x61, 0x0f, 0x00, 0x00, 0x61, 0x0f, 0x00, 0x00, 0x02, 0x00,
  0x00, 0x00, 0x02, 0x00, 0x00, 0x00, 0x00, 0x00, 0x00, 0x00, 0xff, 0xff,
  0xff, 0x00, 0x00, 0x00, 0x00, 0x00, 0x00, 0x00, 0x00, 0x00, 0x00, 0x00,
  0x00, 0x00, 0x00, 0x00, 0x00, 0x00, 0x00, 0x00, 0x00, 0x00, 0x00, 0x00,
  0x00, 0x00, 0x00, 0x00, 0x00, 0x00, 0x00, 0x00, 0x00, 0x00, 0x00, 0x00,
  0x00, 0x00, 0x00, 0x00, 0x00, 0x00, 0x00, 0x00, 0x00, 0x00, 0x00, 0x00,
  0x00, 0x00, 0x00, 0x00, 0x00, 0x00, 0x00, 0x00, 0x00, 0x00, 0x00, 0x00,
  0x00, 0x00, 0x00, 0x00, 0x00, 0x00, 0x00, 0x00, 0x00, 0x00, 0x00, 0x00,
  0x00, 0x00, 0x00, 0x00, 0x00, 0x00, 0x00, 0x00, 0x00, 0x00, 0x00, 0x00,
  0x00, 0x00, 0x00, 0x00, 0x00, 0x00, 0x00, 0x00, 0x00, 0x00, 0x00, 0x00,
  0x00, 0x00, 0x00, 0x00, 0x00, 0x00, 0x00, 0x00, 0x00, 0x00, 0x00, 0x00,
  0x00, 0x00, 0x00, 0x00, 0x00, 0x00, 0x00, 0x00, 0x00, 0x00, 0x00, 0x00,
  0x00, 0x00, 0x00, 0x00, 0x00, 0x00, 0x00, 0x00, 0x00, 0x00, 0x00, 0x00,
  0x00, 0x00, 0x00, 0x00, 0x00, 0x00, 0x00, 0x00, 0x00, 0x00, 0x00, 0x00,
  0x00, 0x00, 0x00, 0x00, 0x00, 0x00, 0x00, 0x00, 0x00, 0x00, 0x00, 0x00,
  0x00, 0x00, 0x00, 0x00, 0x00, 0x00, 0x00, 0x00, 0x00, 0x00, 0x00, 0x00,
  0x00, 0x00, 0x00, 0x00, 0x00, 0x00, 0x00, 0x00, 0x00, 0x00, 0x00, 0x00,
  0x00, 0x00, 0x00, 0x00, 0x00, 0x00, 0x00, 0x00, 0x00, 0x00, 0x00, 0x00,
  0x00, 0x00, 0x00, 0x00, 0x00, 0x00, 0x00, 0x00, 0x00, 0x00, 0x00, 0x00,
  0x00, 0x00, 0x00, 0x00, 0x00, 0x00, 0x00, 0x00, 0x00, 0x00, 0x00, 0x00,
  0x00, 0x00, 0x00, 0x00, 0x00, 0x00, 0x00, 0x00, 0x00, 0x00, 0x00, 0x00,
  0x00, 0x00, 0x00, 0x00, 0x00, 0x00, 0x00, 0x00, 0x00, 0x00, 0x00, 0x00,
  0x00, 0x00, 0x00, 0x00, 0x00, 0x00, 0x00, 0x00, 0x00, 0x00, 0x00, 0x00,
  0x00, 0x00, 0x00, 0x00, 0x00, 0x00, 0x00, 0x00, 0x00, 0x00, 0x00, 0x00,
  0x00, 0x00, 0x00, 0x00, 0x00, 0x00, 0x00, 0x00, 0x00, 0x00, 0x00, 0x00,
  0x00, 0x00, 0x00, 0x00, 0x00, 0x00, 0x00, 0x00, 0x00, 0x00, 0x00, 0x00,
  0x00, 0x00, 0x00, 0x00, 0x00, 0x00, 0x00, 0x00, 0x00, 0x00, 0x00, 0x00,
  0x00, 0x00, 0x00, 0x00, 0x00, 0x00, 0x00, 0x00, 0x00, 0x00, 0x00, 0x00,
  0x00, 0x00, 0x00, 0x00, 0x00, 0x00, 0x00, 0x00, 0x00, 0x00, 0x00, 0x00,
  0x00, 0x00, 0x00, 0x00, 0x00, 0x00, 0x00, 0x00, 0x00, 0x00, 0x00, 0x00,
  0x00, 0x00, 0x00, 0x00, 0x00, 0x00, 0x00, 0x00, 0x00, 0x00, 0x00, 0x00,
  0x00, 0x00, 0x00, 0x00, 0x00, 0x00, 0x00, 0x00, 0x00, 0x00, 0x00, 0x00,
  0x00, 0x00, 0x00, 0x00, 0x00, 0x00, 0x00, 0x00, 0x00, 0x00, 0x00, 0x00,
  0x00, 0x00, 0x00, 0x00, 0x00, 0x00, 0x00, 0x00, 0x00, 0x00, 0x00, 0x00,
  0x00, 0x00, 0x00, 0x00, 0x00, 0x00, 0x00, 0x00, 0x00, 0x00, 0x00, 0x00,
  0x00, 0x00, 0x00, 0x00, 0x00, 0x00, 0x00, 0x00, 0x00, 0x00, 0x00, 0x00,
  0x00, 0x00, 0x00, 0x00, 0x00, 0x00, 0x00, 0x00, 0x00, 0x00, 0x00, 0x00,
  0x00, 0x00, 0x00, 0x00, 0x00, 0x00, 0x00, 0x00, 0x00, 0x00, 0x00, 0x00,
  0x00, 0x00, 0x00, 0x00, 0x00, 0x00, 0x00, 0x00, 0x00, 0x00, 0x00, 0x00,
  0x00, 0x00, 0x00, 0x00, 0x00, 0x00, 0x00, 0x00, 0x00, 0x00, 0x00, 0x38,
  0x00, 0x00, 0x00, 0x00, 0x00, 0x00, 0x00, 0x00, 0x00, 0x00, 0x00, 0x00,
  0x00, 0x00, 0x00, 0x00, 0x00, 0x00, 0x00, 0x00, 0x00, 0x00, 0x00, 0x00,
  0x00, 0x00, 0x00, 0x0c, 0x00, 0x00, 0x00, 0x00, 0x00, 0x00, 0x00, 0x00,
  0x00, 0x00, 0x00, 0x00, 0x00, 0x00, 0x00, 0x00, 0x00, 0x00, 0x00, 0x00,
  0x00, 0x00, 0x00, 0x00, 0x00, 0x00, 0x00, 0x06, 0xdf, 0xdf, 0xff, 0xfc,
  0x73, 0x5f, 0xf0, 0xfe, 0xfe, 0x37, 0xdf, 0xff, 0x87, 0x77, 0xce, 0xec,
  0x00, 0x00, 0x00, 0x00, 0x00, 0x00, 0x00, 0x00, 0x00, 0x00, 0x00, 0x00,
  0x00, 0x00, 0x00, 0x0c, 0x00, 0x00, 0x00, 0x00, 0x00, 0x00, 0x00, 0x00,
  0x00, 0x00, 0x00, 0x00, 0x00, 0x00, 0x00, 0x00, 0x00, 0x00, 0x00, 0x00,
  0x00, 0x00, 0x00, 0x00, 0x00, 0x00, 0x00, 0x0f, 0xff, 0xff, 0xff, 0xfc,
  0x7b, 0x5f, 0xf0, 0xff, 0xfe, 0x3f, 0xdf, 0xff, 0x87, 0xff, 0xcf, 0xec,
  0x00, 0x00, 0x00, 0x00, 0x00, 0x00, 0x00, 0x00, 0x00, 0x00, 0x00, 0x00,
  0x00, 0x00, 0x07, 0xef, 0xbe, 0x60, 0xf3, 0x80, 0x00, 0x00, 0x00, 0x00,
  0x00, 0x00, 0x00, 0x00, 0x00, 0x00, 0x00, 0x00, 0x00, 0x00, 0x00, 0x00,
  0x00, 0x00, 0x00, 0x00, 0x00, 0x00, 0x00, 0x0d, 0xbf, 0xed, 0xdb, 0xec,
  0x3b, 0x7f, 0x60, 0xf4, 0xde, 0x1d, 0x99, 0xbb, 0x07, 0xdf, 0xcb, 0xe0,
  0x00, 0x00, 0x00, 0x00, 0x00, 0x00, 0x00, 0x00, 0x00, 0x00, 0x00, 0x00,
  0x00, 0x00, 0x07, 0xef, 0xbe, 0x60, 0xf3, 0x80, 0x00, 0x00, 0x00, 0x00,
  0x00, 0x00, 0x00, 0x00, 0x00, 0x00, 0x00, 0x00, 0x00, 0x00, 0x00, 0x00,
  0x00, 0x00, 0x00, 0x00, 0x00, 0x00, 0x00, 0x0f, 0xff, 0xfd, 0xfb, 0xfc,
  0x73, 0x7f, 0x31, 0xfd, 0xfe, 0x1f, 0x9b, 0xbf, 0x87, 0xff, 0xff, 0xe0,
  0x00, 0x00, 0x00, 0x00, 0x00, 0x00, 0x00, 0x00, 0x00, 0x00, 0x00, 0x00,
  0x00, 0x00, 0x07, 0x6d, 0xbe, 0x60, 0xc0, 0x00, 0x00, 0x00, 0x00, 0x00,
  0x00, 0x00, 0x00, 0x00, 0x00, 0x00, 0x00, 0x00, 0x00, 0x00, 0x00, 0x00,
  0x00, 0x00, 0x00, 0x00, 0x00, 0x00, 0x00, 0x06, 0xff, 0xdd, 0xfb, 0xbc,
  0x7f, 0xff, 0xf1, 0xbd, 0xfc, 0x3f, 0xbb, 0xbf, 0x87, 0x76, 0xff, 0xe0,
  0x00, 0x00, 0x00, 0x00, 0x00, 0x00, 0x00, 0x00, 0x00, 0x00, 0x00, 0x00,
  0x00, 0x00, 0x07, 0xed, 0xbe, 0x60, 0xc0, 0x00, 0x00, 0x00, 0x00, 0x00,
  0x00, 0x00, 0x00, 0x00, 0x00, 0x00, 0x00, 0x00, 0x00, 0x00, 0x00, 0x00,
  0x00, 0x00, 0x00, 0x00, 0x00, 0x00, 0x00, 0x00, 0x01, 0x8c, 0x18, 0x00,
  0x3f, 0xff, 0x60, 0x04, 0xd8, 0x37, 0xb9, 0x80, 0x06, 0x00, 0x03, 0x00,
  0x00, 0x00, 0x00, 0x00, 0x00, 0x00, 0x00, 0x00, 0x00, 0x00, 0x00, 0x00,
  0x00, 0x00, 0x03, 0xef, 0xb6, 0x7f, 0xf0, 0x00, 0x00, 0x00, 0x00, 0x00,
  0x00, 0x00, 0x00, 0x00, 0x00, 0x00, 0x00, 0x00, 0x00, 0x00, 0x00, 0x00,
  0x00, 0x00, 0x00, 0x00, 0x00, 0x00, 0x00, 0x00, 0x00, 0x00, 0x00, 0x00,
  0x00, 0x00, 0x00, 0x00, 0x00, 0x00, 0x00, 0x00, 0x00, 0x00, 0x00, 0x00,
  0x00, 0x00, 0x00, 0x00, 0x00, 0x00, 0x00, 0x00, 0x00, 0x00, 0x00, 0x00,
  0x00, 0x00, 0x03, 0xef, 0xbe, 0x7f, 0xf0, 0x1b, 0x00, 0x00, 0x00, 0x00,
  0x00, 0x00, 0x00, 0x00, 0x00, 0x00, 0x00, 0x00, 0x00, 0x00, 0x00, 0x00,
  0x00, 0x00, 0x00, 0x00, 0x00, 0x00, 0x00, 0x00, 0x00, 0x00, 0x00, 0x02,
  0x60, 0x00, 0x00, 0x00, 0x00, 0x00, 0x00, 0x00, 0x20, 0x00, 0x00, 0x00,
  0x00, 0x00, 0x00, 0x00, 0x00, 0x00, 0x00, 0x00, 0x00, 0x00, 0x00, 0x00,
  0x00, 0x00, 0x00, 0x00, 0x00, 0x00, 0xc0, 0x1b, 0x00, 0x00, 0x00, 0x00,
  0x00, 0x00, 0x00, 0x00, 0x00, 0x00, 0x00, 0x00, 0x00, 0x00, 0x00, 0x00,
  0x00, 0x00, 0x00, 0x00, 0x00, 0x00, 0x00, 0x0f, 0xe7, 0x9c, 0x3d, 0xff,
  0xff, 0xe0, 0xff, 0x6e, 0x81, 0xfb, 0xdb, 0xf7, 0xb0, 0xff, 0xf1, 0xbd,
  0xff, 0xc1, 0xbb, 0x07, 0xfe, 0xff, 0xfd, 0xe1, 0xdd, 0xfd, 0xff, 0xff,
  0x00, 0x00, 0x00, 0x00, 0x00, 0x00, 0xc0, 0x1b, 0x00, 0x00, 0x00, 0x00,
  0x00, 0x00, 0x00, 0x00, 0x00, 0x00, 0x00, 0x00, 0x00, 0x00, 0x00, 0x00,
  0x00, 0x00, 0x00, 0x00, 0x00, 0x00, 0x00, 0x0c, 0xfe, 0xd8, 0x3d, 0xbf,
  0xff, 0xe0, 0xff, 0xde, 0x81, 0xf9, 0xbb, 0xf7, 0xb0, 0xff, 0xf1, 0xef,
  0xff, 0x81, 0xbf, 0x07, 0xfe, 0xff, 0xfd, 0xe1, 0xfd, 0xbf, 0x17, 0xff,
  0x00, 0x00, 0x00, 0x00, 0x00, 0x00, 0x00, 0x00, 0x00, 0x00, 0x00, 0x00,
  0x00, 0x00, 0x00, 0x00, 0x00, 0x00, 0x00, 0x00, 0x00, 0x00, 0x00, 0x00,
  0x00, 0x00, 0x00, 0x00, 0x00, 0x00, 0x00, 0x0d, 0xfe, 0xcc, 0x3d, 0xbf,
  0xff, 0xe8, 0xff, 0x5e, 0xe1, 0xfd, 0xbf, 0xff, 0x80, 0x7f, 0xf0, 0xff,
  0xff, 0x81, 0xbf, 0x87, 0xff, 0xff, 0xff, 0xe1, 0xfd, 0xbd, 0x17, 0xff,
  0x00, 0x00, 0x00, 0x00, 0x00, 0x00, 0x00, 0x00, 0x00, 0x00, 0x00, 0x00,
  0x00, 0x00, 0x00, 0x00, 0x00, 0x00, 0x00, 0x00, 0x00, 0x00, 0x00, 0x00,
  0x00, 0x00, 0x00, 0x00, 0x00, 0x00, 0x00, 0x0c, 0xee, 0x7c, 0x3f, 0xfb,
  0xff, 0xf8, 0xff, 0xee, 0xe1, 0xff, 0xbf, 0xbf, 0x80, 0x7f, 0xf0, 0xff,
  0xff, 0xc3, 0xfb, 0x87, 0xf7, 0xfb, 0xef, 0xe1, 0xdd, 0xbf, 0xb7, 0xff,
  0x00, 0x00, 0x00, 0x00, 0x00, 0x00, 0x00, 0x00, 0x00, 0x00, 0x0e, 0x00,
  0x00, 0x00, 0x18, 0x00, 0x00, 0x00, 0x00, 0xf0, 0x00, 0x00, 0x00, 0x00,
  0x00, 0x00, 0x00, 0x00, 0x00, 0x00, 0x00, 0x0c, 0xef, 0xfc, 0x01, 0x80,
  0x00, 0x00, 0x00, 0xc0, 0x00, 0x61, 0x80, 0x00, 0x00, 0x00, 0x30, 0xe0,
  0x01, 0x81, 0xc0, 0x06, 0x00, 0x30, 0x00, 0x00, 0x03, 0x83, 0x10, 0x00,
  0x00, 0x00, 0x00, 0x00, 0x00, 0x00, 0x00, 0x00, 0x00, 0x00, 0x0e, 0x00,
  0x00, 0x00, 0x18, 0x00, 0x00, 0x00, 0x00, 0xf0, 0x00, 0x00, 0x00, 0x00,
  0x00, 0x00, 0x00, 0x00, 0x00, 0x00, 0x00, 0x00, 0x00, 0x00, 0x00, 0x00,
  0x00, 0x00, 0x00, 0x00, 0x00, 0x01, 0x80, 0x00, 0x00, 0x00, 0x00, 0x00,
  0x00, 0x00, 0x00, 0x00, 0x00, 0x00, 0x00, 0x00, 0x00, 0x00, 0x10, 0x00,
  0x00, 0x00, 0x07, 0xcf, 0x9c, 0x79, 0x87, 0xc0, 0x1f, 0xfb, 0xe7, 0x00,
  0x3d, 0xef, 0xff, 0x1e, 0xf8, 0xe7, 0xcf, 0x38, 0x01, 0xef, 0xbe, 0x60,
  0x0f, 0xdf, 0x00, 0x00, 0x00, 0x00, 0x00, 0x00, 0x01, 0x80, 0x3c, 0x00,
  0x00, 0x00, 0xe0, 0x00, 0x00, 0x00, 0x00, 0x00, 0x00, 0x00, 0x00, 0x00,
  0x00, 0x00, 0x00, 0x00, 0x00, 0x00, 0x00, 0x00, 0x00, 0x00, 0x00, 0x00,
  0x00, 0x00, 0x07, 0xef, 0x9c, 0xfd, 0x87, 0xc0, 0x3f, 0xfb, 0xe7, 0x00,
  0x7d, 0xff, 0xff, 0x9e, 0xf9, 0xef, 0xcf, 0x38, 0x03, 0xff, 0xfe, 0x60,
  0x0f, 0xdf, 0x00, 0x00, 0x00, 0x00, 0x00, 0x0c, 0xe7, 0xdf, 0xfc, 0x3b,
  0xbb, 0x7b, 0xe0, 0xee, 0x1c, 0xb7, 0xdb, 0x33, 0xbb, 0x33, 0xce, 0xfe,
  0xdc, 0x19, 0xb0, 0x3f, 0xf0, 0x66, 0xbf, 0xe1, 0x6d, 0x83, 0xfb, 0x80,
  0x00, 0x00, 0x07, 0xff, 0x9c, 0xdd, 0x8f, 0xc0, 0x39, 0xff, 0xe7, 0x80,
  0xe7, 0xbf, 0xff, 0x99, 0xf9, 0x8f, 0xdc, 0x78, 0x03, 0x9f, 0xf6, 0x60,
  0x0f, 0xff, 0x00, 0x00, 0x00, 0x00, 0x00, 0x0d, 0xee, 0xdf, 0xfc, 0x3f,
  0xfb, 0x7f, 0x60, 0xfe, 0x1e, 0xf7, 0xff, 0x7f, 0xbf, 0xf7, 0xcf, 0xff,
  0xfc, 0x1b, 0xf0, 0x3f, 0xf8, 0xf6, 0xbf, 0xe1, 0x7f, 0xc3, 0xff, 0x80,
  0x00, 0x00, 0x07, 0x7f, 0x9c, 0xdd, 0x8f, 0xc0, 0x39, 0xff, 0xef, 0x80,
  0xe3, 0xbf, 0xf9, 0xb9, 0xf9, 0x8f, 0xdc, 0x7c, 0x03, 0x9f, 0xfe, 0x60,
  0x0f, 0xff, 0x00, 0x00, 0x00, 0x00, 0x00, 0x0d, 0xed, 0xcd, 0xfc, 0x3f,
  0xff, 0xb6, 0x70, 0xbe, 0x0e, 0xfd, 0xb3, 0x6f, 0xb7, 0xc6, 0xcb, 0xed,
  0x9c, 0x1b, 0xf0, 0x37, 0xf8, 0x76, 0xfe, 0xc1, 0xf3, 0xc3, 0xff, 0x80,
  0x00, 0x00, 0x07, 0xfd, 0xbe, 0xfd, 0xdf, 0xc0, 0x7f, 0xff, 0x6d, 0x80,
  0xff, 0xff, 0xff, 0xb9, 0xdb, 0xef, 0xdc, 0x6c, 0x07, 0xff, 0xbe, 0x7c,
  0x0f, 0xff, 0x00, 0x00, 0x00, 0x00, 0x00, 0x0f, 0xed, 0xfd, 0xfc, 0x3f,
  0xff, 0xf6, 0xf0, 0xfe, 0x1c, 0xff, 0xbf, 0xff, 0xb7, 0xff, 0xff, 0xfd,
  0xfc, 0x3f, 0xfc, 0x7f, 0xf8, 0xe6, 0xfe, 0x61, 0xf3, 0xc3, 0xff, 0x80,
  0x00, 0x00, 0x07, 0xef, 0xbe, 0xf9, 0xf7, 0xc0, 0x7f, 0xfb, 0xfd, 0xc0,
  0x7d, 0xff, 0xff, 0xb8, 0xfb, 0xef, 0xdc, 0xec, 0x07, 0xff, 0xbe, 0x7c,
  0x0f, 0xdf, 0x00, 0x00, 0x00, 0x00, 0x00, 0x0f, 0xfd, 0xfd, 0xdc, 0x3b,
  0xb7, 0xfe, 0xf0, 0xee, 0x1f, 0xff, 0x9f, 0xfb, 0x77, 0x7f, 0xfe, 0xfc,
  0xfc, 0x3d, 0xbc, 0x7f, 0x70, 0xff, 0xff, 0xe1, 0xff, 0xc3, 0xbb, 0x80,
  0x00, 0x00, 0x07, 0xc7, 0x1c, 0x70, 0x73, 0x80, 0x39, 0xf1, 0xc0, 0x00,
  0x38, 0xe3, 0xc7, 0x38, 0x71, 0x87, 0x1c, 0x00, 0x03, 0x87, 0x1c, 0x18,
  0x02, 0xce, 0x00, 0x00, 0x00, 0x00, 0x00, 0x00, 0x1c, 0x0c, 0x00, 0x30,
  0x00, 0x3e, 0x00, 0x00, 0x0d, 0xfd, 0x80, 0x00, 0x70, 0x06, 0x00, 0x0c,
  0x00, 0x1c, 0x00, 0x36, 0x00, 0x7f, 0xfc, 0xc1, 0xef, 0xc0, 0x01, 0x80,
  0x00, 0x00, 0x07, 0x00, 0x1e, 0x00, 0x00, 0x00, 0x39, 0xc0, 0x00, 0x00,
  0x00, 0x00, 0x00, 0x78, 0x01, 0x80, 0x3c, 0x00, 0x03, 0x80, 0x00, 0x00,
  0x00, 0x00, 0x00, 0x00, 0x00, 0x00, 0x00, 0x00, 0x00, 0x00, 0x00, 0x00,
  0x00, 0x00, 0x00, 0x00, 0x00, 0x00, 0x00, 0x00, 0x00, 0x00, 0x00, 0x00,
  0x00, 0x00, 0x00, 0x00, 0x00, 0x00, 0x00, 0x00, 0x00, 0x00, 0x00, 0x00,
  0x00, 0x00, 0x07, 0x00, 0x0e, 0x00, 0x00, 0x00, 0x01, 0xc0, 0x00, 0x00,
  0x00, 0x00, 0x00, 0x78, 0x00, 0x00, 0x3c, 0x00, 0x00, 0x00, 0x00, 0x00,
  0x00, 0x00, 0x00, 0x00, 0x00, 0x00, 0x00, 0x00, 0x00, 0x00, 0x00, 0x00,
  0x00, 0x00, 0x00, 0x00, 0x00, 0x00, 0x00, 0x00, 0x00, 0x00, 0x0c, 0x00,
  0x00, 0x00, 0x00, 0x00, 0x00, 0x00, 0x00, 0x1c, 0x00, 0x00, 0x00, 0x06,
  0x00, 0x00, 0x00, 0x00, 0x00, 0x00, 0x00, 0x00, 0x00, 0x00, 0x00, 0x00,
  0x00, 0x00, 0x00, 0x00, 0x00, 0x00, 0x00, 0x00, 0x00, 0x00, 0x00, 0x00,
  0x00, 0x00, 0x00, 0x00, 0x00, 0x00, 0x00, 0x0f, 0xef, 0xff, 0xfd, 0xff,
  0xff, 0xf0, 0xff, 0xf0, 0x9e, 0x9d, 0x3f, 0xbf, 0x87, 0xff, 0xf6, 0xef,
  0xff, 0xc1, 0xb3, 0xf8, 0x7f, 0xff, 0xee, 0x8c, 0x1f, 0xff, 0xfa, 0x7b,
  0x00, 0x00, 0x00, 0x00, 0x00, 0x00, 0x00, 0x00, 0x00, 0x00, 0x00, 0x00,
  0x00, 0x00, 0x1c, 0x00, 0x00, 0x00, 0x00, 0x00, 0x00, 0x00, 0x00, 0x00,
  0x00, 0x00, 0x00, 0x00, 0x0c, 0x00, 0x00, 0x0f, 0xff, 0xff, 0xfd, 0xbf,
  0x37, 0xf0, 0xff, 0xf0, 0x9e, 0xbd, 0x3f, 0xbf, 0x87, 0xff, 0xfe, 0xed,
  0xff, 0xc1, 0xb7, 0xf8, 0x37, 0xff, 0xec, 0x9c, 0x1b, 0xff, 0xfa, 0x7b,
  0x00, 0x00, 0x00, 0x00, 0x00, 0x00, 0x00, 0x00, 0x00, 0x00, 0x00, 0x18,
  0x00, 0x00, 0x1e, 0x00, 0x00, 0x00, 0x00, 0x00, 0x00, 0x00, 0x00, 0x00,
  0x00, 0x00, 0x00, 0x00, 0x0c, 0x00, 0x00, 0x0f, 0xff, 0xff, 0xfd, 0xbf,
  0x37, 0xf0, 0xff, 0xf0, 0xfe, 0xbd, 0xff, 0xbf, 0x87, 0xff, 0xee, 0xed,
  0xff, 0xc1, 0xbf, 0xf8, 0x37, 0xff, 0xec, 0xfe, 0x1b, 0xff, 0xfb, 0xf0,
  0x00, 0x00, 0x00, 0xef, 0xbc, 0x3c, 0xc0, 0x0e, 0x7c, 0xc1, 0xc7, 0x9c,
  0x03, 0xf3, 0xce, 0x7c, 0x70, 0x03, 0x0c, 0x7c, 0xc0, 0x1f, 0x9c, 0xd8,
  0xff, 0xde, 0x00, 0x79, 0x8f, 0x3c, 0x00, 0x0f, 0xef, 0xff, 0xff, 0xff,
  0xf7, 0xf0, 0xff, 0xf0, 0xff, 0xfd, 0xff, 0xbf, 0x87, 0x7f, 0xef, 0xff,
  0xff, 0xc3, 0xff, 0xf8, 0x77, 0xff, 0xfe, 0xfe, 0x1b, 0xff, 0xfb, 0xf0,
  0x00, 0x00, 0x01, 0xff, 0xbe, 0x7c, 0xc0, 0x0e, 0x7e, 0xc3, 0xef, 0x8c,
  0x03, 0xf7, 0xee, 0x7e, 0xf8, 0x03, 0x3f, 0x7c, 0xc0, 0x1f, 0xbe, 0xd9,
  0xff, 0xdf, 0x00, 0xff, 0xef, 0xbe, 0x00, 0x03, 0x00, 0x00, 0x01, 0x83,
  0x30, 0x00, 0x00, 0x30, 0x00, 0xc0, 0x00, 0x00, 0x00, 0x00, 0x00, 0x0c,
  0x00, 0x01, 0xc0, 0x00, 0x30, 0x30, 0x0c, 0x00, 0x38, 0x00, 0xc0, 0x00,
  0x00, 0x00, 0x01, 0x9d, 0xb6, 0x70, 0xc0, 0x0e, 0x7e, 0xc7, 0x6f, 0x8c,
  0x03, 0xf6, 0xcf, 0x7f, 0xd8, 0x03, 0x3f, 0x7c, 0xc0, 0x1f, 0xfe, 0xd9,
  0xcf, 0xdf, 0x00, 0xe7, 0xef, 0xb6, 0x00, 0x00, 0x00, 0x00, 0x00, 0x00,
  0x30, 0x00, 0x00, 0x00, 0x00, 0x00, 0x00, 0x00, 0x00, 0x00, 0x00, 0x00,
  0x00, 0x00, 0x00, 0x00, 0x30, 0x00, 0x00, 0x00, 0x00, 0x00, 0x00, 0x00,
  0x00, 0x00, 0x03, 0x9f, 0xbe, 0x70, 0x00, 0x0e, 0x7e, 0xc7, 0xef, 0xc0,
  0x03, 0xf7, 0xcf, 0x77, 0xf8, 0x03, 0x33, 0x6c, 0xc0, 0x1f, 0xf6, 0xd9,
  0xcf, 0xdf, 0x00, 0xe6, 0x6d, 0xbe, 0x00, 0x01, 0xc0, 0x00, 0x00, 0x03,
  0x80, 0x00, 0x00, 0x00, 0x00, 0x00, 0x30, 0x00, 0x00, 0x00, 0xe0, 0x00,
  0x00, 0x00, 0x00, 0x00, 0x00, 0x00, 0x00, 0x00, 0x00, 0x00, 0x00, 0x00,
  0x00, 0x00, 0x03, 0x8f, 0xbc, 0x70, 0x00, 0x0e, 0x7e, 0xef, 0xef, 0xc0,
  0x03, 0xf7, 0xdf, 0xff, 0xf8, 0x03, 0x3f, 0x6c, 0xc8, 0x1f, 0xf6, 0xd9,
  0xcf, 0xde, 0x00, 0xe7, 0xed, 0xbc, 0x00, 0x0f, 0xcc, 0xef, 0xc1, 0xfb,
  0xfb, 0x07, 0x7e, 0x0e, 0xed, 0xcd, 0xbb, 0xb8, 0x3f, 0xff, 0xf0, 0xec,
  0xdf, 0xff, 0xdc, 0x3b, 0xb7, 0xff, 0x6e, 0xe0, 0x00, 0x00, 0x00, 0x00,
  0x00, 0x00, 0x03, 0x8f, 0xbe, 0xfc, 0x00, 0x0e, 0x7c, 0xfb, 0xef, 0x80,
  0x03, 0xf7, 0xdb, 0xfe, 0xf8, 0x0f, 0xff, 0x6c, 0xf8, 0x1f, 0xbe, 0xfb,
  0xff, 0xdf, 0x01, 0xff, 0xef, 0xbe, 0x00, 0x0e, 0xfe, 0xff, 0xc1, 0xff,
  0xff, 0x8f, 0xff, 0x1f, 0xed, 0xff, 0xff, 0xf8, 0x7f, 0xff, 0xf1, 0xec,
  0xdf, 0xff, 0xfc, 0x3f, 0xf7, 0xff, 0xfe, 0xe0, 0x00, 0x00, 0x00, 0x00,
  0x00, 0x00, 0x03, 0x8f, 0x1e, 0xfc, 0x00, 0x0e, 0x7c, 0xfb, 0xc7, 0x80,
  0x03, 0xf7, 0xd9, 0xfc, 0xf0, 0x0f, 0xde, 0x6c, 0xf8, 0x1f, 0xbc, 0xfb,
  0xff, 0x9f, 0x01, 0xfb, 0xcf, 0x1e, 0x00, 0x0e, 0xfe, 0xdf, 0xc1, 0xaf,
  0xb6, 0x0f, 0xff, 0x1f, 0xff, 0xfb, 0xff, 0xf8, 0x7f, 0x2f, 0xf1, 0xac,
  0xcd, 0x1b, 0xf0, 0x37, 0xe7, 0xf6, 0xde, 0xc0, 0x00, 0x00, 0x00, 0x00,
  0x00, 0x00, 0x07, 0x80, 0x00, 0x70, 0x00, 0x3f, 0xf0, 0x00, 0x00, 0x00,
  0x00, 0x00, 0x00, 0x70, 0x00, 0x03, 0xc0, 0x00, 0x00, 0x00, 0x00, 0x01,
  0xce, 0x00, 0x00, 0xe0, 0x00, 0x00, 0x00, 0x0f, 0xff, 0xff, 0xc1, 0xbf,
  0xf7, 0x8f, 0xfe, 0x1f, 0xff, 0xfb, 0xff, 0xf8, 0x7f, 0x6f, 0xf1, 0xff,
  0xfd, 0xfb, 0xf0, 0x7f, 0xf7, 0xfe, 0xee, 0xc0, 0x00, 0x00, 0x00, 0x00,
  0x00, 0x00, 0x07, 0x80, 0x00, 0x00, 0x00, 0x3f, 0xf0, 0x00, 0x00, 0x00,
  0x00, 0x00, 0x00, 0x70, 0x00, 0x03, 0xc0, 0x00, 0x00, 0x00, 0x00, 0x00,
  0x0e, 0x00, 0x00, 0x00, 0x00, 0x00, 0x00, 0x0f, 0xad, 0xff, 0xc3, 0xbb,
  0xb3, 0x0d, 0xe6, 0x0e, 0xdf, 0xf9, 0xb9, 0xb8, 0x7f, 0x6e, 0x70, 0xff,
  0xfc, 0xfb, 0xb0, 0x7b, 0x37, 0xee, 0x6f, 0xc0, 0x00, 0x00, 0x00, 0x00,
  0x00, 0x00, 0x00, 0x00, 0x00, 0x00, 0x00, 0x00, 0x00, 0x00, 0x00, 0x00,
  0x00, 0x00, 0x00, 0x00, 0x00, 0x00, 0x00, 0x00, 0x00, 0x00, 0x00, 0x00,
  0x00, 0x00, 0x00, 0x00, 0x00, 0x00, 0x00, 0x00, 0x00, 0xc0, 0x03, 0x80,
  0x30, 0x00, 0x00, 0x06, 0x00, 0x38, 0x00, 0x18, 0x00, 0x20, 0x00, 0x0e,
  0xec, 0x18, 0x30, 0x30, 0x04, 0x06, 0x01, 0xc0, 0x00, 0x00, 0x00, 0x00,
  0x00, 0x00, 0x00, 0x00, 0x00, 0x00, 0x00, 0x00, 0x00, 0x00, 0x00, 0x00,
  0x00, 0x00, 0x00, 0x00, 0x00, 0x00, 0x00, 0x00, 0x00, 0x00, 0x3c, 0x00,
  0x00, 0x1e, 0x00, 0x00, 0x00, 0x00, 0x00, 0x00, 0x00, 0x00, 0x00, 0x00,
  0x00, 0x00, 0x00, 0x00, 0x00, 0x00, 0x00, 0x00, 0x00, 0x00, 0x00, 0x00,
  0x00, 0x00, 0x00, 0x00, 0x00, 0x00, 0x00, 0x00, 0x00, 0x00, 0x00, 0x00,
  0x00, 0x00, 0x00, 0x00, 0x00, 0x00, 0x00, 0x00, 0x00, 0x00, 0x00, 0x00,
  0x00, 0x00, 0x00, 0x00, 0x00, 0x00, 0x00, 0x00, 0x00, 0x00, 0x3e, 0x00,
  0x00, 0x1f, 0x00, 0x00, 0x00, 0x00, 0x00, 0x00, 0x00, 0x00, 0x00, 0x00,
  0x00, 0x00, 0x00, 0x00, 0x00, 0x03, 0xc3, 0x00, 0x00, 0x00, 0x00, 0x00,
  0x00, 0x00, 0x00, 0x00, 0x00, 0x00, 0x00, 0x01, 0xc1, 0x80, 0x00, 0x00,
  0x00, 0x00, 0x00, 0x00, 0x00, 0x00, 0x00, 0x00, 0x00, 0x00, 0x00, 0x00,
  0x00, 0x00, 0x00, 0x00, 0x00, 0x00, 0x00, 0x00, 0x00, 0x00, 0x3e, 0x00,
  0x00, 0x1f, 0x00, 0x00, 0x00, 0x00, 0x00, 0x0f, 0xff, 0xff, 0xfc, 0x3f,
  0xbf, 0xff, 0xf7, 0xff, 0xff, 0xc3, 0xff, 0x87, 0xff, 0x8f, 0xfe, 0xe9,
  0xe3, 0xc3, 0x3f, 0xff, 0xf7, 0xf0, 0xff, 0xff, 0xfd, 0x81, 0xbf, 0x80,
  0x00, 0x00, 0x03, 0xfd, 0x9e, 0xff, 0xf7, 0xdf, 0x00, 0x00, 0x0f, 0xbf,
  0x3c, 0x03, 0xdf, 0xfe, 0x78, 0x0f, 0x80, 0x6d, 0xf3, 0xe0, 0x3e, 0xfb,
  0xff, 0xdf, 0x00, 0xfb, 0xc0, 0x00, 0x00, 0x0f, 0xff, 0xed, 0xfc, 0x3f,
  0xff, 0xff, 0xf6, 0xfc, 0xdf, 0xc3, 0xff, 0xc7, 0xff, 0x8f, 0xfe, 0xe9,
  0xe3, 0xc3, 0x3f, 0x37, 0xfe, 0xf0, 0xff, 0xed, 0xfd, 0x83, 0x3f, 0x80,
  0x00, 0x00, 0x07, 0xef, 0xbe, 0xfd, 0xff, 0xdf, 0x00, 0x00, 0x0f, 0xff,
  0x3c, 0x03, 0xdf, 0xfe, 0x78, 0x0f, 0xc0, 0x6d, 0xf3, 0xe0, 0x7e, 0xfb,
  0xff, 0xff, 0x00, 0xff, 0xe0, 0x00, 0x00, 0x0f, 0xff, 0xcd, 0xfc, 0x3f,
  0xff, 0xff, 0xf6, 0xfc, 0xdf, 0xc3, 0xff, 0xc7, 0xff, 0x8f, 0xfe, 0xef,
  0xe1, 0xc3, 0xff, 0x37, 0xfe, 0xf0, 0xff, 0xed, 0xfc, 0x01, 0x3f, 0x80,
  0x00, 0x00, 0x07, 0xe7, 0x30, 0xdd, 0xff, 0xdf, 0x01, 0xfc, 0x0d, 0xf7,
  0x30, 0x03, 0x1f, 0xfe, 0x60, 0x07, 0x80, 0x6d, 0xbb, 0x80, 0x76, 0xdc,
  0xcf, 0xfb, 0x00, 0xe6, 0x60, 0x00, 0x00, 0x0f, 0xff, 0xdf, 0x7c, 0x3b,
  0xbf, 0xff, 0xff, 0xff, 0xdf, 0xc3, 0xff, 0x87, 0xff, 0x8f, 0xfe, 0xef,
  0xe1, 0xc3, 0xfb, 0x77, 0xf6, 0xf0, 0xff, 0xfd, 0xfc, 0x03, 0xbf, 0x80,
  0x00, 0x00, 0x07, 0xef, 0x30, 0xdf, 0xef, 0xdf, 0x01, 0xfc, 0x0d, 0xf7,
  0x30, 0x03, 0x1f, 0xfe, 0x60, 0x0f, 0x80, 0x6d, 0xbb, 0x80, 0x76, 0xdc,
  0xcf, 0xfb, 0x00, 0xe7, 0x60, 0x00, 0x00, 0x00, 0x00, 0x0c, 0x00, 0x0c,
  0x00, 0x00, 0x06, 0x0c, 0xc0, 0x00, 0x00, 0x00, 0x01, 0x80, 0x00, 0x00,
  0x00, 0x00, 0x07, 0x30, 0x6e, 0x00, 0x30, 0x0c, 0x00, 0x03, 0x20, 0x00,
  0x00, 0x00, 0x07, 0xef, 0xbe, 0xdf, 0xef, 0xdf, 0x00, 0x00, 0x0f, 0xf7,
  0xfc, 0x07, 0xdf, 0xbf, 0xf9, 0x8f, 0x80, 0x7d, 0xf7, 0xe0, 0x7e, 0xfb,
  0xcf, 0xff, 0x01, 0xff, 0xe0, 0x00, 0x00, 0x00, 0x00, 0x0c, 0x00, 0x00,
  0x00, 0x00, 0x00, 0x00, 0xc0, 0x00, 0x00, 0x00, 0x00, 0x00, 0x00, 0x00,
  0x00, 0x00, 0x00, 0x30, 0x00, 0x00, 0x00, 0x0c, 0x00, 0x00, 0x00, 0x00,
  0x00, 0x00, 0x03, 0xdd, 0x9e, 0xdd, 0xe7, 0xdf, 0x00, 0x00, 0x0f, 0xb7,
  0xfc, 0x07, 0xdf, 0x3f, 0xf9, 0xc7, 0x80, 0x7d, 0xf7, 0xe0, 0x3e, 0xfb,
  0xcf, 0x9f, 0x01, 0xfb, 0xc0, 0x00, 0x00, 0x0c, 0x00, 0x00, 0x00, 0x00,
  0x00, 0x00, 0x0e, 0x00, 0x00, 0x1c, 0x00, 0xc0, 0x60, 0x00, 0x00, 0x00,
  0x00, 0x00, 0x00, 0x00, 0x00, 0x00, 0x00, 0x00, 0x00, 0x00, 0x38, 0x00,
  0x00, 0x00, 0x00, 0x00, 0x00, 0x00, 0x00, 0x00, 0x00, 0x00, 0x0c, 0x00,
  0x30, 0x03, 0x1c, 0x00, 0x60, 0xc0, 0x00, 0x00, 0x03, 0x80, 0x00, 0x00,
  0xc0, 0x00, 0x00, 0xe0, 0x00, 0x00, 0x00, 0x0e, 0xcc, 0xcd, 0xdb, 0xfb,
  0xbb, 0x87, 0xff, 0xce, 0xdf, 0xdc, 0x1f, 0xff, 0xf7, 0xff, 0x70, 0xfe,
  0xdc, 0xdc, 0x13, 0xfb, 0x3f, 0x6f, 0x60, 0xcc, 0x1d, 0x3f, 0xbb, 0x83,
  0x7f, 0xe0, 0x00, 0x00, 0x00, 0x00, 0x00, 0x00, 0x00, 0x00, 0x0c, 0x00,
  0x00, 0x00, 0x1c, 0x00, 0x00, 0xc0, 0x00, 0x00, 0x00, 0x00, 0x00, 0x00,
  0xc0, 0x00, 0x00, 0x00, 0x00, 0x00, 0x00, 0x0f, 0xde, 0xdf, 0xff, 0xff,
  0xfb, 0x8f, 0xff, 0xde, 0xdf, 0xfc, 0x3f, 0xff, 0xff, 0xff, 0x70, 0xff,
  0xfd, 0xfc, 0x13, 0xff, 0xbf, 0xff, 0x60, 0xde, 0x1d, 0x3f, 0xff, 0x83,
  0x7f, 0xf0, 0x00, 0x00, 0x00, 0x00, 0x00, 0x00, 0x00, 0x00, 0x00, 0x00,
  0x00, 0x00, 0x00, 0x00, 0x00, 0x00, 0x00, 0x00, 0x00, 0x00, 0x00, 0x00,
  0xc0, 0x00, 0x00, 0x00, 0x00, 0x00, 0x00, 0x0f, 0xde, 0xdf, 0xfd, 0xaf,
  0xfb, 0x0f, 0xff, 0xde, 0xed, 0xfc, 0x3e, 0xfb, 0x7f, 0xff, 0x60, 0xff,
  0xfd, 0xbc, 0x13, 0xfe, 0x22, 0xff, 0x00, 0xde, 0x15, 0x9a, 0xff, 0x82,
  0x76, 0xf0, 0x00, 0x00, 0x00, 0x00, 0x00, 0x00, 0x00, 0x00, 0x00, 0x00,
  0x00, 0x00, 0x00, 0x00, 0x00, 0x00, 0x00, 0x00, 0x00, 0x00, 0x00, 0x00,
  0x00, 0x00, 0x00, 0x00, 0x00, 0x00, 0x00, 0x0f, 0xff, 0xff, 0xff, 0xbf,
  0xfb, 0x0f, 0xff, 0xff, 0xfd, 0xfc, 0x3f, 0xff, 0x7f, 0xff, 0xf0, 0xff,
  0xfd, 0xbc, 0x3f, 0xff, 0xf6, 0xff, 0x00, 0xde, 0x1d, 0xfb, 0xff, 0x87,
  0x7e, 0xe0, 0x07, 0x00, 0x00, 0x00, 0x00, 0x1f, 0x00, 0x03, 0x00, 0x00,
  0x00, 0x00, 0x00, 0x00, 0x00, 0x00, 0x00, 0x00, 0xc0, 0x00, 0x00, 0x00,
  0x00, 0x1f, 0x00, 0x00, 0x00, 0x00, 0x00, 0x0e, 0xed, 0xed, 0xdb, 0xbb,
  0xb7, 0x07, 0xf7, 0xff, 0xfd, 0xdc, 0x1b, 0xbf, 0x77, 0x7f, 0xf0, 0xfc,
  0xdf, 0x9c, 0x3b, 0xfb, 0xf6, 0x6e, 0x01, 0xec, 0x1d, 0xfb, 0xfb, 0x07,
  0x7e, 0x60, 0x07, 0x00, 0x00, 0x00, 0x00, 0x1f, 0x00, 0x03, 0x00, 0x00,
  0x00, 0x00, 0x00, 0x00, 0x00, 0x00, 0x00, 0x00, 0xc0, 0x00, 0x00, 0x00,
  0x00, 0x1f, 0x00, 0x00, 0x00, 0x00, 0x00, 0x00, 0x00, 0xe0, 0x01, 0x80,
  0x07, 0x00, 0x00, 0x00, 0x0c, 0x00, 0x00, 0x03, 0x00, 0x00, 0x60, 0x18,
  0x03, 0x8c, 0x1c, 0x00, 0x22, 0x00, 0x01, 0xe0, 0x10, 0x18, 0xc0, 0x02,
  0x46, 0x00, 0x07, 0xff, 0xde, 0xff, 0xf6, 0xdf, 0x00, 0xfb, 0xe0, 0x0f,
  0xfd, 0xf7, 0xec, 0x00, 0x7b, 0xe3, 0xcf, 0x7c, 0xe0, 0x1f, 0xbe, 0xdf,
  0xff, 0xdf, 0x00, 0x00, 0x00, 0x00, 0x00, 0x00, 0x00, 0x00, 0x00, 0x00,
  0x00, 0x00, 0x00, 0x00, 0x00, 0x00, 0x00, 0x00, 0x00, 0x00, 0x00, 0x00,
  0x00, 0x00, 0x00, 0x00, 0x00, 0x00, 0x00, 0x00, 0x00, 0x00, 0x00, 0x00,
  0x00, 0x00, 0x07, 0xff, 0xfe, 0xff, 0xf6, 0xdf, 0x01, 0xfb, 0xe0, 0x1f,
  0xff, 0xf7, 0xec, 0x00, 0xfb, 0xe7, 0xcf, 0x7c, 0xe0, 0x1f, 0xfe, 0xfb,
  0xff, 0xff, 0x00, 0x00, 0x00, 0x00, 0x00, 0x01, 0xc0, 0x00, 0x00, 0x03,
  0x80, 0x00, 0x00, 0x0e, 0x00, 0x00, 0x00, 0x00, 0x00, 0x00, 0x00, 0x00,
  0x00, 0x00, 0x00, 0x00, 0x07, 0x00, 0x00, 0x00, 0x00, 0x00, 0x00, 0x00,
  0x00, 0x00, 0x07, 0x67, 0x30, 0xf8, 0xc6, 0xdb, 0x01, 0xfb, 0x60, 0x1c,
  0xff, 0xf1, 0x8c, 0x00, 0xc3, 0xe7, 0x1c, 0x3c, 0x00, 0x1f, 0xf6, 0xf8,
  0xcf, 0xfb, 0x00, 0x00, 0x00, 0x00, 0x00, 0x0f, 0xc1, 0xfd, 0xc3, 0xfb,
  0xff, 0xff, 0x4f, 0xee, 0x1f, 0xdf, 0xfd, 0xff, 0xf8, 0xff, 0xf0, 0xff,
  0xff, 0xbd, 0xff, 0xff, 0xf7, 0x0f, 0x41, 0xff, 0xc0, 0x00, 0x00, 0x00,
  0x00, 0x00, 0x07, 0x67, 0x30, 0xf0, 0xc6, 0xdb, 0x01, 0xfb, 0x60, 0x1c,
  0xff, 0xf1, 0x8c, 0x00, 0xc3, 0xf7, 0x1c, 0x7c, 0x00, 0x1f, 0xbe, 0xf0,
  0xcf, 0xfb, 0x00, 0x00, 0x00, 0x00, 0x00, 0x0f, 0xe1, 0xff, 0xc3, 0xff,
  0xb7, 0xff, 0x46, 0xfe, 0x0d, 0xdb, 0xd9, 0x17, 0xf8, 0xff, 0xf0, 0xff,
  0xff, 0xbd, 0xbf, 0xfb, 0x7f, 0x0f, 0x41, 0xff, 0xe0, 0x00, 0x00, 0x00,
  0x00, 0x00, 0x07, 0xef, 0x3e, 0xf9, 0xc7, 0xdf, 0x01, 0xfb, 0xe0, 0x3f,
  0xff, 0xf7, 0x8f, 0x80, 0xfb, 0xe7, 0x1c, 0x7c, 0x00, 0x1f, 0xbe, 0xfb,
  0xcf, 0xff, 0x00, 0x00, 0x00, 0x00, 0x00, 0x0f, 0xe1, 0xff, 0xc3, 0xff,
  0xb7, 0xff, 0x76, 0xfe, 0x0d, 0xdb, 0xd9, 0x17, 0xf8, 0x7f, 0xf0, 0xff,
  0xff, 0xfd, 0xbf, 0xfb, 0x7f, 0x0f, 0x41, 0xff, 0xe0, 0x00, 0x00, 0x00,
  0x00, 0x00, 0x07, 0xef, 0x1e, 0xfd, 0xc7, 0xdf, 0x01, 0xfb, 0xe0, 0x3f,
  0xfd, 0xf7, 0x8f, 0x80, 0xfb, 0xe7, 0x1c, 0x7c, 0x00, 0x1f, 0xbe, 0xdf,
  0xcf, 0xdf, 0x00, 0x00, 0x00, 0x00, 0x00, 0x0f, 0xa1, 0xf7, 0xc3, 0xfb,
  0xf7, 0xf7, 0x7e, 0xee, 0x1d, 0xff, 0xfb, 0xb7, 0xf8, 0x7f, 0xf0, 0xff,
  0xfd, 0xff, 0xfb, 0xff, 0x77, 0x0f, 0xf1, 0xff, 0x60, 0x00, 0x00, 0x00,
  0x00, 0x00, 0x00, 0x07, 0x00, 0xe0, 0xc0, 0x00, 0x00, 0x00, 0x00, 0x1c,
  0xe0, 0x01, 0x80, 0x00, 0x00, 0x0f, 0x3c, 0x00, 0x00, 0x00, 0x00, 0xc0,
  0xc0, 0x00, 0x00, 0x00, 0x00, 0x00, 0x00, 0x00, 0x00, 0x00, 0x00, 0x00,
  0x30, 0x00, 0x06, 0x00, 0x0c, 0x18, 0x19, 0x10, 0x00, 0x00, 0x30, 0x00,
  0x60, 0x01, 0x80, 0x1b, 0x00, 0x00, 0x71, 0x80, 0x00, 0x00, 0x00, 0x00,
  0x00, 0x00, 0x00, 0x07, 0x00, 0xe0, 0xc0, 0x00, 0x00, 0x00, 0x00, 0x1c,
  0xe0, 0x01, 0x80, 0x00, 0x00, 0x0f, 0x3c, 0x00, 0x00, 0x00, 0x00, 0xc0,
  0xc0, 0x00, 0x00, 0x00, 0x00, 0x00, 0x00, 0x00, 0x00, 0x00, 0x00, 0x00,
  0x30, 0x00, 0x06, 0x00, 0x0c, 0x00, 0x18, 0x10, 0x00, 0x00, 0x00, 0x00,
  0x00, 0x00, 0x00, 0x03, 0x00, 0x00, 0x00, 0x00, 0x00, 0x00, 0x00, 0x00,
  0x00, 0x00, 0x00, 0x07, 0x00, 0x00, 0xc0, 0x00, 0x00, 0x00, 0x00, 0x00,
  0x00, 0x01, 0x80, 0x00, 0x00, 0x00, 0x00, 0x00, 0x00, 0x00, 0x00, 0x00,
  0xc0, 0x00, 0x00, 0x00, 0x00, 0x00, 0x00, 0x0c, 0x00, 0x00, 0x00, 0x00,
  0x00, 0x00, 0x00, 0x00, 0x00, 0x00, 0x00, 0x00, 0x00, 0x00, 0x00, 0xe0,
  0x00, 0x00, 0x02, 0x30, 0x00, 0x00, 0x00, 0x00, 0x00, 0x00, 0x07, 0x00,
  0xe0, 0x00, 0x00, 0x00, 0x00, 0x00, 0x00, 0x00, 0x00, 0x00, 0x00, 0x00,
  0x00, 0x00, 0x00, 0x00, 0x00, 0x00, 0x00, 0x00, 0x00, 0x00, 0x00, 0x00,
  0x00, 0x00, 0x00, 0x00, 0x00, 0x00, 0x00, 0x0e, 0xcc, 0xdd, 0xd8, 0x3b,
  0xb8, 0x37, 0x0e, 0xe1, 0xef, 0xed, 0xc1, 0x33, 0x78, 0x3f, 0x70, 0xe8,
  0xdd, 0xdc, 0x3b, 0xb0, 0x76, 0xf6, 0xee, 0x1c, 0xdb, 0xdd, 0x9f, 0x07,
  0xe0, 0x00, 0x00, 0x00, 0x00, 0x00, 0x00, 0x1c, 0x00, 0x03, 0xe0, 0x00,
  0xf0, 0x00, 0x00, 0x00, 0x00, 0x00, 0x00, 0x00, 0x00, 0x00, 0x3e, 0x00,
  0x00, 0x00, 0x00, 0x00, 0x00, 0x00, 0x00, 0x0f, 0xdf, 0xff, 0xfc, 0x3f,
  0xf8, 0x3f, 0x0f, 0xf1, 0xff, 0xfd, 0xc1, 0x37, 0xf8, 0x7f, 0xf1, 0xe9,
  0xfd, 0xfc, 0x3f, 0xb0, 0x7e, 0xf6, 0xfe, 0x1e, 0xdb, 0xfd, 0xbb, 0x07,
  0xf0, 0x00, 0x00, 0x00, 0x00, 0x00, 0x00, 0x1c, 0x00, 0x03, 0xe0, 0x00,
  0xf0, 0x00, 0x00, 0x00, 0x00, 0x00, 0x00, 0x00, 0x00, 0x00, 0x3e, 0x00,
  0x00, 0x00, 0x00, 0x00, 0x00, 0x00, 0x00, 0x0f, 0xdf, 0x9f, 0xfc, 0x3f,
  0xf8, 0x2d, 0x0f, 0xf1, 0xfe, 0xd9, 0x81, 0x37, 0xf8, 0x6f, 0xf1, 0xed,
  0xfd, 0xfc, 0x3a, 0x80, 0x5e, 0x6f, 0xfe, 0x1e, 0x99, 0xb1, 0x33, 0x87,
  0xf0, 0x00, 0x07, 0xe0, 0x7f, 0x03, 0xe7, 0xce, 0x7f, 0xfb, 0xe0, 0x3f,
  0x31, 0xe3, 0xc7, 0x98, 0x00, 0xef, 0xff, 0x3c, 0x03, 0x1f, 0xbe, 0xd8,
  0xf0, 0x1b, 0x39, 0xf0, 0x00, 0x00, 0x00, 0x0f, 0xff, 0xff, 0xfc, 0x3b,
  0xf8, 0x7f, 0x0f, 0xf1, 0xff, 0xdb, 0xc3, 0xff, 0xf8, 0xff, 0xf1, 0xef,
  0xfd, 0xfc, 0x3b, 0x80, 0x7f, 0xef, 0xfe, 0x1d, 0xdf, 0xbf, 0xb7, 0x87,
  0xf0, 0x00, 0x07, 0xe0, 0x7f, 0x03, 0xf7, 0xce, 0x7f, 0xfb, 0xe0, 0x3f,
  0x39, 0xf7, 0xcf, 0x98, 0x01, 0xef, 0xff, 0x7c, 0x03, 0x1f, 0xbe, 0xd9,
  0xf0, 0x1b, 0x7d, 0xf8, 0x00, 0x00, 0x00, 0x0e, 0xec, 0xcd, 0xd8, 0x3b,
  0xb8, 0x77, 0x0e, 0x61, 0xdf, 0xfb, 0xc3, 0xfb, 0x78, 0xfe, 0x60, 0xee,
  0xdd, 0xdc, 0x3b, 0x80, 0x7f, 0xef, 0x6e, 0x0d, 0xdf, 0x9b, 0xf7, 0x87,
  0xd0, 0x00, 0x01, 0x80, 0x7f, 0x03, 0xf7, 0xcf, 0x19, 0xff, 0xe0, 0x3f,
  0x78, 0xf7, 0xee, 0x18, 0x01, 0x83, 0x3f, 0xfc, 0x03, 0x06, 0x7e, 0xd9,
  0xc0, 0x1b, 0x6f, 0xf8, 0x1f, 0xc0, 0x00, 0x00, 0x00, 0x00, 0x00, 0x30,
  0x18, 0x20, 0x0c, 0x01, 0x80, 0xf9, 0x81, 0xc0, 0x00, 0x6c, 0x00, 0x00,
  0x00, 0x0c, 0x00, 0x00, 0x18, 0x60, 0x00, 0x00, 0x81, 0x81, 0x70, 0x06,
  0x00, 0x00, 0x01, 0x80, 0x7f, 0x03, 0xb6, 0xdf, 0x19, 0xff, 0x60, 0x3f,
  0x7d, 0xf7, 0xee, 0x18, 0x01, 0x83, 0x3f, 0xfc, 0x03, 0x06, 0x76, 0xd9,
  0xc0, 0x1b, 0x6f, 0xf8, 0x1f, 0xc0, 0x00, 0x00, 0x00, 0x00, 0x00, 0x00,
  0x00, 0x00, 0x00, 0x00, 0x00, 0x00, 0x00, 0x00, 0x00, 0x00, 0x00, 0x00,
  0x00, 0x00, 0x00, 0x00, 0x00, 0x00, 0x00, 0x00, 0x00, 0x00, 0x00, 0x00,
  0x00, 0x00, 0x01, 0x80, 0x7f, 0x03, 0xf6, 0xdb, 0x79, 0xff, 0xe0, 0x3f,
  0xfd, 0xf7, 0xee, 0x7e, 0x03, 0xef, 0x3f, 0xfc, 0x03, 0xee, 0x7e, 0xfb,
  0xf0, 0x1f, 0x7f, 0xf8, 0x00, 0x00, 0x00, 0x00, 0x00, 0x00, 0x00, 0x00,
  0x00, 0x00, 0x00, 0xc0, 0x00, 0x00, 0x00, 0x00, 0x00, 0x00, 0x00, 0x00,
  0x00, 0x00, 0x00, 0x00, 0x00, 0x00, 0x00, 0x00, 0x00, 0x00, 0x20, 0x00,
  0x00, 0x00, 0x01, 0x86, 0x7f, 0x03, 0xf6, 0xfb, 0xf9, 0xfb, 0xe0, 0x3f,
  0xed, 0xf7, 0xce, 0x7e, 0x03, 0xef, 0x3f, 0x7c, 0x03, 0xee, 0x3e, 0xfb,
  0xf0, 0x1f, 0x7f, 0x98, 0x00, 0x00, 0x00, 0x06, 0xff, 0xfe, 0x1f, 0xfb,
  0xfb, 0xff, 0xff, 0x60, 0xff, 0xe3, 0xfd, 0xfe, 0x78, 0x7f, 0xcf, 0xff,
  0x9e, 0x3f, 0xfc, 0x7f, 0xa7, 0xff, 0xce, 0x1f, 0xff, 0xdf, 0xbf, 0xff,
  0x70, 0x00, 0x07, 0xe7, 0x1e, 0x03, 0xe0, 0x00, 0x00, 0x31, 0x80, 0x1e,
  0x00, 0xe3, 0x8e, 0x18, 0x01, 0x80, 0x0b, 0x38, 0x00, 0xe0, 0x18, 0xf1,
  0xc0, 0x06, 0x38, 0x00, 0x00, 0x00, 0x00, 0x0c, 0xff, 0xfe, 0x3f, 0xff,
  0xb3, 0x3f, 0xff, 0x60, 0xdf, 0xe3, 0xff, 0x12, 0x78, 0x7f, 0xcf, 0xff,
  0x9e, 0x3f, 0xfc, 0x7f, 0xa6, 0xff, 0xde, 0x1f, 0xff, 0xdb, 0xff, 0xff,
  0x60, 0x00, 0x07, 0xe7, 0x00, 0x03, 0x80, 0x00, 0x18, 0x00, 0x00, 0x00,
  0x00, 0x00, 0x1e, 0x1e, 0x01, 0x83, 0x00, 0x00, 0x00, 0x06, 0x00, 0xc1,
  0xc0, 0x00, 0x00, 0x00, 0x00, 0x00, 0x00, 0x04, 0xff, 0xde, 0x3f, 0xff,
  0xb3, 0x3f, 0xfe, 0x00, 0xdf, 0xe3, 0xfd, 0x13, 0xf8, 0x7f, 0xff, 0xff,
  0xfe, 0x3f, 0xfc, 0x7f, 0xa6, 0xff, 0xfe, 0x1f, 0xff, 0xdb, 0xff, 0xff,
  0x60, 0x00, 0x00, 0x03, 0x00, 0x03, 0x80, 0x00, 0x18, 0x00, 0x00, 0x00,
  0x00, 0x00, 0x1e, 0x0e, 0x00, 0x03, 0x00, 0x00, 0x00, 0x06, 0x00, 0xc0,
  0x00, 0x00, 0x00, 0x00, 0x00, 0x00, 0x00, 0x0e, 0xff, 0xdc, 0x1f, 0xfb,
  0xf7, 0xf7, 0xfe, 0x01, 0xff, 0xc3, 0xff, 0xb3, 0xf8, 0x7f, 0xff, 0xbf,
  0xfc, 0x3f, 0xfc, 0x7f, 0xff, 0xdf, 0xfe, 0x1f, 0xf7, 0xdb, 0xff, 0xff,
  0xf0, 0x00, 0x00, 0x00, 0x00, 0x00, 0x00, 0x00, 0x00, 0x00, 0x00, 0x00,
  0x00, 0x00, 0x00, 0x00, 0x00, 0x00, 0x00, 0x00, 0x00, 0x00, 0x00, 0x00,
  0x00, 0x00, 0x00, 0x00, 0x00, 0x00, 0x00, 0x0c, 0x80, 0x00, 0x00, 0x01,
  0xb3, 0x30, 0x00, 0x00, 0xd8, 0x00, 0x03, 0x10, 0x00, 0x40, 0x03, 0x00,
  0x00, 0x00, 0x0c, 0x00, 0x3e, 0x00, 0x00, 0x06, 0x00, 0x38, 0x00, 0x00,
  0x60, 0x00, 0x00, 0x00, 0x00, 0x00, 0x00, 0x00, 0x00, 0x00, 0x00, 0x00,
  0x00, 0x00, 0x00, 0x00, 0x00, 0x00, 0x00, 0x00, 0x00, 0x00, 0x00, 0x00,
  0x00, 0x00, 0x00, 0x00, 0x00, 0x00, 0x00, 0x00, 0x00, 0x00, 0x00, 0x00,
  0x30, 0x30, 0x00, 0x00, 0x00, 0x00, 0x00, 0x10, 0x00, 0x00, 0x00, 0x00,
  0x00, 0x00, 0x00, 0x00, 0x00, 0x00, 0x00, 0x00, 0x00, 0x00, 0x00, 0x00,
  0x00, 0x00, 0x00, 0x00, 0x00, 0x00, 0x00, 0x00, 0x00, 0x00, 0x00, 0x00,
  0x00, 0x00, 0x00, 0x00, 0x00, 0x00, 0x00, 0x00, 0x00, 0x00, 0x00, 0x00,
  0x00, 0x00, 0x00, 0x00, 0x00, 0x00, 0x00, 0x00, 0x1c, 0x00, 0x01, 0x00,
  0x00, 0x00, 0x00, 0x00, 0x00, 0x00, 0x03, 0x00, 0x00, 0x00, 0x00, 0x00,
  0x00, 0x00, 0x00, 0x00, 0x00, 0x00, 0x0e, 0x00, 0x00, 0x00, 0x00, 0x00,
  0x00, 0x00, 0x00, 0xed, 0x9e, 0x60, 0xe0, 0x07, 0x7e, 0xf8, 0xe0, 0x1f,
  0x1c, 0x70, 0x1f, 0x9c, 0x71, 0xe0, 0x0f, 0x38, 0x07, 0xc7, 0x00, 0x73,
  0xfc, 0xce, 0x3c, 0x60, 0x00, 0x00, 0x00, 0x07, 0xfc, 0xdc, 0xd9, 0x87,
  0xbf, 0xf0, 0x67, 0xce, 0xef, 0xd9, 0xf9, 0x03, 0x60, 0x77, 0xc6, 0xfe,
  0x0d, 0x9f, 0xff, 0xff, 0xb7, 0x07, 0xef, 0xec, 0xc1, 0xbf, 0xba, 0x00,
  0x00, 0x00, 0x01, 0xed, 0xbe, 0x63, 0xf0, 0x0f, 0x7f, 0xf9, 0xe0, 0x3f,
  0x3c, 0xf0, 0x1f, 0xfe, 0xfb, 0xe0, 0x0f, 0x7c, 0x07, 0xff, 0x80, 0x73,
  0xff, 0xdf, 0x7c, 0x60, 0x00, 0x00, 0x00, 0x07, 0xed, 0xfd, 0xfd, 0x87,
  0xff, 0xf0, 0xf7, 0xcf, 0xef, 0xdb, 0xfd, 0x87, 0xe0, 0x7f, 0xcf, 0xfe,
  0x0d, 0xbf, 0xff, 0xff, 0xff, 0x07, 0xff, 0xfe, 0xc3, 0xff, 0xfa, 0x00,
  0x00, 0x00, 0x01, 0x8d, 0xbe, 0x63, 0xb0, 0x0e, 0x7f, 0xf9, 0x80, 0x37,
  0x70, 0xc0, 0x1f, 0xf7, 0xdb, 0xe0, 0x0c, 0xfc, 0x07, 0xfd, 0x80, 0x70,
  0xc7, 0xbf, 0x7c, 0x60, 0x00, 0x00, 0x00, 0x0d, 0xef, 0xfd, 0xbc, 0x07,
  0xff, 0xf0, 0xf6, 0xcf, 0x8d, 0xdb, 0xfc, 0x07, 0xe0, 0x7c, 0xcf, 0xfe,
  0x09, 0xbf, 0xf9, 0x33, 0x5f, 0x06, 0xbe, 0xd8, 0x03, 0xfe, 0xfa, 0x00,
  0x00, 0x00, 0x01, 0x8d, 0xbf, 0x63, 0xf0, 0x0c, 0x7f, 0xf9, 0x80, 0x3f,
  0x70, 0xc0, 0x1f, 0xff, 0xfb, 0x60, 0x0c, 0xec, 0x06, 0x7f, 0x80, 0x70,
  0xc3, 0xbf, 0x6c, 0x00, 0x00, 0x00, 0x00, 0x0c, 0xff, 0xff, 0xfc, 0x07,
  0xff, 0xf0, 0xff, 0xff, 0xff, 0xdf, 0xf8, 0x07, 0xf8, 0x7f, 0xff, 0xfe,
  0x1d, 0xff, 0xfb, 0x7f, 0x7f, 0x06, 0xff, 0xde, 0x03, 0xff, 0xfb, 0x80,
  0x00, 0x00, 0x01, 0x8d, 0xbf, 0x77, 0xf0, 0x0c, 0x7e, 0xf9, 0x80, 0x3f,
  0x70, 0xc0, 0x1f, 0xff, 0xfb, 0x60, 0x0c, 0xec, 0x07, 0xff, 0x80, 0x70,
  0xc7, 0xbf, 0x6c, 0x00, 0x00, 0x00, 0x00, 0x0c, 0xfe, 0xdf, 0xd8, 0x07,
  0xb7, 0x70, 0x6f, 0xfe, 0xff, 0xdd, 0x98, 0x03, 0x78, 0x77, 0xfe, 0xfc,
  0x1d, 0xdb, 0xbb, 0x7f, 0x77, 0x0e, 0xef, 0xcc, 0x03, 0xfb, 0xfb, 0x80,
  0x00, 0x00, 0x07, 0xef, 0xbe, 0x7f, 0xf0, 0x1f, 0x7c, 0xff, 0xe0, 0x3f,
  0x70, 0xc0, 0x1f, 0x7e, 0xfb, 0xe0, 0x3f, 0x7c, 0x07, 0xff, 0x80, 0xfb,
  0xcf, 0xdf, 0x7c, 0x00, 0x00, 0x00, 0x00, 0x0c, 0x00, 0x01, 0x80, 0x00,
  0x00, 0x00, 0x06, 0x00, 0x0c, 0x00, 0x00, 0x00, 0x00, 0x00, 0x00, 0x00,
  0x08, 0x00, 0x01, 0x33, 0x00, 0x0e, 0x00, 0xc0, 0x03, 0xc0, 0xc0, 0x00,
  0x00, 0x00, 0x07, 0xef, 0x1e, 0x7d, 0xe0, 0x1f, 0x7c, 0xf7, 0xe0, 0x1e,
  0x70, 0xc0, 0x1f, 0x3c, 0xf3, 0xe0, 0x3f, 0x78, 0x07, 0xcf, 0x00, 0xfb,
  0xce, 0xde, 0x7c, 0x00, 0x00, 0x00, 0x00, 0x00, 0x00, 0x00, 0x00, 0x00,
  0x00, 0x00, 0x00, 0x00, 0x00, 0x00, 0x00, 0x00, 0x00, 0x00, 0x00, 0x00,
  0x00, 0x00, 0x00, 0x00, 0x00, 0x00, 0x00, 0x00, 0x00, 0x00, 0x00, 0x00,
  0x00, 0x00, 0x01, 0x8c, 0x00, 0x00, 0x00, 0x0c, 0x70, 0x01, 0x80, 0x00,
  0xf3, 0xc0, 0x00, 0x00, 0x00, 0x60, 0x0c, 0x00, 0x06, 0x00, 0x00, 0x78,
  0xc0, 0x00, 0x0c, 0x00, 0x00, 0x00, 0x00, 0x00, 0x00, 0x00, 0x00, 0x07,
  0x00, 0x00, 0x00, 0x00, 0x00, 0x00, 0x00, 0x00, 0x07, 0x00, 0x00, 0x1e,
  0x00, 0x00, 0x07, 0x00, 0x00, 0x00, 0x00, 0x00, 0x00, 0x00, 0x00, 0x30,
  0x00, 0x00, 0x00, 0x0c, 0x00, 0x00, 0x00, 0x00, 0x70, 0x00, 0x00, 0x00,
  0xf3, 0xc0, 0x00, 0x00, 0x00, 0x60, 0x00, 0x00, 0x06, 0x00, 0x00, 0x38,
  0xc0, 0x00, 0x0c, 0x00, 0x00, 0x00, 0x00, 0x0f, 0xff, 0xef, 0xdf, 0xdf,
  0x07, 0xf0, 0xff, 0x4e, 0x9f, 0xff, 0xff, 0x82, 0x7f, 0xf4, 0xff, 0xfe,
  0x0d, 0xfc, 0x3b, 0x7b, 0xff, 0x0f, 0xcf, 0xfe, 0xdd, 0xdf, 0xb7, 0xb0,
  0x7f, 0xf0, 0x00, 0x00, 0x00, 0x00, 0x00, 0x00, 0x00, 0x00, 0x00, 0x00,
  0x00, 0x00, 0x00, 0x00, 0x00, 0x00, 0x00, 0x00, 0x00, 0x00, 0x00, 0x00,
  0x00, 0x00, 0x00, 0x00, 0x00, 0x00, 0x00, 0x0f, 0xff, 0xf9, 0xdb, 0xf3,
  0x87, 0xf8, 0x6f, 0x5e, 0x9f, 0xf9, 0xbf, 0x82, 0x7f, 0xf4, 0xf6, 0xfe,
  0x09, 0xfc, 0x3b, 0xfb, 0x7f, 0x0f, 0xcf, 0xec, 0xbf, 0xdb, 0xb7, 0xb0,
  0xff, 0x60, 0x00, 0x00, 0x00, 0x00, 0x00, 0x00, 0x00, 0x03, 0xc0, 0x00,
  0x00, 0x00, 0x00, 0x00, 0x00, 0x00, 0x00, 0x00, 0x00, 0x00, 0x00, 0x00,
  0x00, 0x00, 0x00, 0x00, 0x00, 0x00, 0x00, 0x0f, 0xff, 0xf9, 0xdb, 0xf3,
  0x87, 0xf8, 0x6f, 0x5e, 0xff, 0xf9, 0xbf, 0x83, 0xff, 0xf7, 0xf6, 0xfe,
  0x09, 0xfc, 0x3b, 0xfb, 0x7f, 0x0f, 0xff, 0xec, 0xbf, 0xdb, 0xbf, 0x80,
  0xff, 0x60, 0x00, 0x00, 0x00, 0x00, 0x00, 0x00, 0x00, 0x03, 0xe0, 0x00,
  0x00, 0x00, 0x00, 0x00, 0x00, 0x00, 0x00, 0x00, 0x00, 0x00, 0x00, 0x00,
  0x00, 0x00, 0x00, 0x00, 0x00, 0x00, 0x00, 0x0e, 0xff, 0xf9, 0xff, 0xf6,
  0x87, 0xf0, 0xef, 0xfe, 0xff, 0xff, 0xbf, 0x83, 0xff, 0xf7, 0xfe, 0xfe,
  0x1d, 0xfc, 0x3e, 0xff, 0xff, 0x0f, 0xff, 0xfd, 0xdd, 0xff, 0xbf, 0x80,
  0xff, 0x60, 0x00, 0x00, 0x00, 0x00, 0x00, 0x00, 0x00, 0x02, 0xe0, 0x00,
  0x00, 0x00, 0x00, 0x00, 0x00, 0x00, 0x00, 0x00, 0x00, 0x00, 0x00, 0x00,
  0x00, 0x00, 0x00, 0x00, 0x00, 0x00, 0x00, 0x01, 0x80, 0x18, 0x18, 0x30,
  0x00, 0x00, 0x60, 0x70, 0x00, 0x19, 0x80, 0x00, 0x00, 0x00, 0x36, 0x00,
  0x19, 0x00, 0x00, 0x03, 0x00, 0x00, 0x01, 0x8d, 0x80, 0x18, 0x00, 0x00,
  0x7f, 0xf0, 0x07, 0xed, 0xbe, 0x03, 0xf0, 0x0e, 0x7e, 0x03, 0xef, 0x9f,
  0x01, 0xf3, 0x1f, 0x3e, 0xdb, 0xe0, 0x3f, 0x7c, 0x07, 0xff, 0xbf, 0x7b,
  0xe0, 0x1f, 0x7c, 0xf8, 0x00, 0x00, 0x00, 0x00, 0x00, 0x00, 0x00, 0x00,
  0x00, 0x00, 0x60, 0x00, 0x00, 0x01, 0x80, 0x00, 0x00, 0x00, 0x06, 0x00,
  0x00, 0x00, 0x00, 0x00, 0x00, 0x00, 0x00, 0x0c, 0x00, 0x00, 0x00, 0x00,
  0x00, 0x00, 0x07, 0xed, 0xbe, 0x03, 0xf0, 0x0f, 0x7e, 0x07, 0xef, 0x9f,
  0x03, 0xf3, 0x1f, 0xfe, 0xdb, 0xe0, 0x3f, 0x7c, 0x07, 0xff, 0xbf, 0x7b,
  0xf0, 0x3f, 0x7c, 0xf8, 0x00, 0x00, 0x00, 0x00, 0x00, 0x01, 0x00, 0x00,
  0x00, 0x00, 0x00, 0x00, 0x00, 0x00, 0x00, 0x00, 0x00, 0x00, 0x00, 0x00,
  0x00, 0x00, 0x00, 0x00, 0x00, 0x40, 0x00, 0x00, 0x00, 0x00, 0x00, 0x00,
  0x00, 0x00, 0x07, 0xed, 0xb6, 0x00, 0xc0, 0x1f, 0x7e, 0x07, 0x6d, 0xdc,
  0x03, 0xf3, 0x1b, 0xfe, 0xdb, 0x60, 0x03, 0xec, 0x06, 0xff, 0x9c, 0x61,
  0xe0, 0x3b, 0x6c, 0xe0, 0x00, 0x00, 0x00, 0x0f, 0xed, 0xc1, 0xdf, 0x9f,
  0xb7, 0xb7, 0x0e, 0xe7, 0xef, 0xdc, 0x3d, 0xbb, 0x07, 0xf7, 0x0e, 0xdf,
  0xcc, 0x35, 0xb3, 0xb3, 0x76, 0x60, 0x6e, 0xf9, 0xc3, 0xff, 0x80, 0x00,
  0x00, 0x00, 0x07, 0xed, 0xb6, 0x00, 0xc0, 0x1b, 0x7e, 0x07, 0x6d, 0xdc,
  0x01, 0xf3, 0x1b, 0xfe, 0xdb, 0x60, 0x0f, 0xfc, 0x06, 0xff, 0x9c, 0x63,
  0xe0, 0x3b, 0x6c, 0xe0, 0x00, 0x00, 0x00, 0x0f, 0xff, 0xe1, 0xff, 0xff,
  0xff, 0xff, 0x0f, 0xff, 0xff, 0xfc, 0x3f, 0xbf, 0x87, 0xff, 0x0e, 0xff,
  0xec, 0x37, 0xf7, 0xfb, 0x7e, 0x60, 0x6f, 0xf9, 0xe3, 0xff, 0x80, 0x00,
  0x00, 0x00, 0x03, 0xef, 0xbe, 0x00, 0xc3, 0x1b, 0xfe, 0x03, 0xef, 0xbf,
  0x01, 0xf3, 0xff, 0xfe, 0xfb, 0xe0, 0x0f, 0xfc, 0x06, 0xff, 0xbc, 0xfb,
  0xe0, 0x1f, 0x6d, 0xf8, 0x00, 0x00, 0x00, 0x0f, 0xff, 0xfd, 0x7f, 0xf1,
  0x7f, 0xff, 0x0f, 0xfd, 0xff, 0xfc, 0x1b, 0xd7, 0x87, 0xff, 0x0f, 0xed,
  0xe0, 0x3f, 0xf7, 0xff, 0xfe, 0x00, 0x4f, 0xf9, 0xe3, 0xff, 0x80, 0x00,
  0x00, 0x00, 0x03, 0xcf, 0xbe, 0x00, 0xc3, 0x9b, 0xbc, 0x03, 0xef, 0xbf,
  0x01, 0xf3, 0xef, 0x7e, 0xfb, 0xe0, 0x07, 0x6c, 0x06, 0xff, 0x3c, 0xf9,
  0xe0, 0x1f, 0x6d, 0xf8, 0x00, 0x00, 0x00, 0x0f, 0xff, 0xc1, 0xff, 0xf3,
  0x7f, 0xff, 0x0f, 0xff, 0xff, 0xfc, 0x0f, 0xd7, 0x87, 0xff, 0x07, 0xed,
  0xc0, 0x3f, 0xff, 0xff, 0xff, 0x00, 0xef, 0xff, 0xe3, 0xff, 0x80, 0x00,
  0x00, 0x00, 0x00, 0x00, 0x06, 0x03, 0xf3, 0x80, 0x00, 0x00, 0x00, 0x1c,
  0x00, 0x00, 0x00, 0x00, 0x00, 0x60, 0x3f, 0x7c, 0x00, 0x00, 0x1c, 0x60,
  0x00, 0x00, 0x00, 0xe0, 0x00, 0x00, 0x00, 0x0e, 0xec, 0xc1, 0xff, 0xb3,
  0x37, 0x37, 0x0e, 0x7f, 0x2c, 0xdc, 0x3f, 0xb7, 0x87, 0x77, 0x0e, 0xfd,
  0xe0, 0x3d, 0xbb, 0xb7, 0xf7, 0x00, 0xee, 0xdf, 0xc2, 0x7b, 0x80, 0x00,
  0x00, 0x00, 0x00, 0x00, 0x06, 0x03, 0xf3, 0x80, 0x00, 0x00, 0x00, 0x00,
  0x00, 0x00, 0x00, 0x00, 0x00, 0x60, 0x3e, 0x78, 0x00, 0x00, 0x1c, 0x00,
  0x00, 0x00, 0x00, 0x00, 0x00, 0x00, 0x00, 0x00, 0x00, 0x00, 0x03, 0x31,
  0x06, 0x03, 0x0c, 0x0c, 0x00, 0x00, 0x39, 0xb3, 0x00, 0x03, 0x0e, 0xcd,
  0xc0, 0x3c, 0x00, 0x00, 0x00, 0x00, 0x48, 0x00, 0x00, 0x00, 0x00, 0x00,
  0x00, 0x00, 0x00, 0x00, 0x00, 0x00, 0x00, 0x00, 0x00, 0x00, 0x00, 0x00,
  0x00, 0x00, 0x00, 0x00, 0x00, 0x00, 0x00, 0x00, 0x00, 0x00, 0x1c, 0x00,
  0x00, 0x00, 0x00, 0x00, 0x00, 0x00, 0x00, 0x00, 0x00, 0x00, 0x00, 0x00,
  0x00, 0x00, 0x00, 0x00, 0x00, 0x00, 0x00, 0x00, 0x00, 0x00, 0x00, 0x00,
  0x00, 0x00, 0x00, 0x00, 0x00, 0x00, 0x00, 0x00, 0x00, 0x00, 0x00, 0x00,
  0x00, 0x00, 0x00, 0x00, 0x00, 0x00, 0x00, 0x00, 0x00, 0x00, 0x00, 0x00,
  0x00, 0x00, 0x00, 0x00, 0x00, 0x00, 0x00, 0x00, 0x00, 0x00, 0x00, 0x00,
  0x00, 0x00, 0x00, 0x00, 0x00, 0x00, 0x00, 0x00, 0x00, 0x00, 0x00, 0x00,
  0x00, 0x00, 0x00, 0x00, 0x00, 0x00, 0x00, 0x00, 0x00, 0x00, 0x01, 0xc1,
  0xe0, 0x00, 0x00, 0x00, 0x00, 0x00, 0x00, 0x00, 0x03, 0x00, 0x00, 0x00,
  0x00, 0x00, 0x00, 0x00, 0x00, 0x00, 0x00, 0x00, 0x00, 0x00, 0x00, 0x00,
  0x00, 0x00, 0x00, 0x00, 0x00, 0x00, 0x00, 0x00, 0x00, 0x00, 0x00, 0x00,
  0x0e, 0x00, 0x00, 0x00, 0x00, 0x18, 0x00, 0x0c, 0xed, 0xf9, 0xff, 0xff,
  0x83, 0xf0, 0xf0, 0xef, 0xf9, 0xdc, 0x3f, 0xbf, 0xfb, 0xff, 0x77, 0xc1,
  0xff, 0xff, 0x3f, 0x87, 0xf7, 0xfc, 0xee, 0xe1, 0x9f, 0xf3, 0xfb, 0xf8,
  0x00, 0x00, 0x00, 0x00, 0x00, 0x00, 0x00, 0x00, 0x00, 0x00, 0x00, 0x00,
  0x00, 0x00, 0x00, 0x00, 0x00, 0x00, 0x00, 0x00, 0x00, 0x00, 0x00, 0x00,
  0x0e, 0x00, 0x00, 0x00, 0x00, 0x18, 0x00, 0x0d, 0xed, 0xfb, 0xff, 0xff,
  0x83, 0x78, 0xf0, 0xff, 0xf9, 0xff, 0xff, 0xbf, 0xfa, 0x2f, 0x6e, 0xe1,
  0xff, 0xff, 0x1b, 0x83, 0x76, 0xfc, 0xfe, 0xc1, 0xbf, 0xf1, 0xbb, 0x78,
  0x00, 0x00, 0x07, 0xef, 0x9e, 0x31, 0xf6, 0xcf, 0x1f, 0xfb, 0xed, 0xbe,
  0x01, 0xf6, 0xdf, 0x80, 0xe3, 0xef, 0xff, 0x7d, 0xf0, 0x1f, 0xbe, 0x63,
  0xff, 0xff, 0xfc, 0xf3, 0xef, 0x9c, 0x00, 0x0f, 0xed, 0xfb, 0xff, 0xff,
  0x83, 0x78, 0xf0, 0xff, 0xff, 0xff, 0xff, 0xbf, 0xfa, 0x2f, 0x6c, 0xe1,
  0xff, 0xff, 0xdb, 0x83, 0x76, 0xff, 0xfe, 0xc1, 0xbf, 0xfd, 0xbb, 0x70,
  0x00, 0x00, 0x07, 0xff, 0x9e, 0x33, 0xf6, 0xdf, 0x3f, 0xfb, 0xed, 0xbf,
  0x03, 0xf6, 0xdf, 0x80, 0xe3, 0xef, 0xff, 0xfd, 0xf0, 0x1f, 0xfe, 0x63,
  0xff, 0xdf, 0xfd, 0xff, 0xef, 0x9c, 0x00, 0x0f, 0xff, 0xff, 0xff, 0xfb,
  0x87, 0xf0, 0xf0, 0xef, 0xff, 0xdc, 0x3f, 0xbf, 0xff, 0x6f, 0x6d, 0xb1,
  0xfd, 0xff, 0xfb, 0x87, 0x7f, 0xff, 0xef, 0xe1, 0xff, 0xff, 0xbf, 0xf0,
  0x00, 0x00, 0x07, 0xfd, 0x98, 0x33, 0xf6, 0xd8, 0x38, 0x67, 0x6d, 0x9f,
  0x03, 0xb6, 0xdb, 0x80, 0xe3, 0x63, 0x3f, 0xfd, 0xb0, 0x1f, 0xf6, 0x63,
  0xee, 0xce, 0x7f, 0xc7, 0xef, 0x80, 0x00, 0x00, 0x0e, 0x00, 0x00, 0x00,
  0x03, 0x00, 0x00, 0x00, 0x00, 0x00, 0x00, 0x00, 0x02, 0x20, 0xec, 0x00,
  0x00, 0x00, 0x18, 0x03, 0x06, 0x00, 0x00, 0xc0, 0x00, 0x01, 0x83, 0x00,
  0x00, 0x00, 0x07, 0xef, 0x98, 0x33, 0xf6, 0xd8, 0x38, 0x67, 0x6d, 0xbe,
  0x01, 0xf6, 0xdb, 0x80, 0xe3, 0x63, 0x3f, 0xff, 0xb0, 0x1f, 0xf6, 0x63,
  0xce, 0xce, 0x7f, 0xc7, 0xef, 0x80, 0x00, 0x00, 0x00, 0x00, 0x00, 0x00,
  0x00, 0x00, 0x00, 0x00, 0x00, 0x00, 0x00, 0x00, 0x00, 0x20, 0x00, 0x00,
  0x00, 0x00, 0x18, 0x03, 0x00, 0x00, 0x00, 0x00, 0x00, 0x01, 0x80, 0x00,
  0x00, 0x00, 0x07, 0xef, 0x98, 0xff, 0xf7, 0xdf, 0x7e, 0xe7, 0xef, 0xbe,
  0x01, 0xf7, 0xdf, 0x80, 0xfb, 0x6f, 0x3f, 0xfd, 0xf0, 0x1f, 0xfe, 0x7f,
  0xef, 0xde, 0x7f, 0xff, 0xef, 0x80, 0x00, 0x00, 0x01, 0x80, 0x00, 0x07,
  0x00, 0x00, 0x00, 0x0e, 0x00, 0x1c, 0x00, 0x00, 0x00, 0x60, 0x00, 0x00,
  0x18, 0x00, 0x06, 0x00, 0x60, 0x00, 0x01, 0x81, 0x80, 0x00, 0x00, 0x60,
  0x00, 0x00, 0x07, 0xef, 0x98, 0xff, 0xf7, 0xcf, 0x7e, 0xe3, 0xef, 0xbe,
  0x01, 0xf7, 0xdf, 0x80, 0xfb, 0x6f, 0x3f, 0x7d, 0xf0, 0x19, 0xfe, 0x7f,
  0xff, 0xde, 0x7c, 0xfb, 0xef, 0x80, 0x00, 0x06, 0xff, 0xcf, 0xcd, 0xdf,
  0x03, 0xff, 0xff, 0xee, 0x1d, 0xff, 0xfd, 0xba, 0x3f, 0x60, 0xff, 0xef,
  0xdc, 0x1d, 0xbf, 0xbf, 0xf0, 0x67, 0xff, 0xdd, 0xc1, 0xb0, 0x3f, 0xf0,
  0x00, 0x00, 0x00, 0x00, 0x38, 0x3c, 0x00, 0x00, 0x38, 0x60, 0x00, 0x00,
  0x00, 0x00, 0x03, 0x80, 0x00, 0x03, 0x00, 0x00, 0x30, 0x00, 0x00, 0x03,
  0x80, 0x0e, 0x00, 0x00, 0x00, 0x00, 0x00, 0x0f, 0xff, 0xff, 0xdf, 0xdf,
  0x83, 0xff, 0xff, 0xfe, 0x1f, 0xff, 0xfd, 0xba, 0x7f, 0x60, 0xff, 0xff,
  0xec, 0x3f, 0xff, 0xff, 0xf0, 0xf7, 0xff, 0xfe, 0xc3, 0xf0, 0x7f, 0xb0,
  0x00, 0x00, 0x00, 0x00, 0x78, 0x3c, 0x00, 0x00, 0x38, 0x60, 0x00, 0x00,
  0x00, 0x00, 0x03, 0x80, 0x00, 0x03, 0x00, 0x00, 0x30, 0x00, 0x00, 0x03,
  0x80, 0x0e, 0x00, 0x00, 0x00, 0x00, 0x00, 0x0d, 0xbf, 0xfb, 0xdb, 0xf3,
  0x83, 0x7c, 0xe6, 0xfe, 0x1e, 0xff, 0xfd, 0x3a, 0x7f, 0x00, 0xff, 0xff,
  0xe0, 0x33, 0xfe, 0xff, 0xf0, 0xf6, 0xff, 0xfe, 0x03, 0xf0, 0x7f, 0xf0,
  0x00, 0x00, 0x00, 0x00, 0x00, 0x00, 0x00, 0x00, 0x00, 0x60, 0x00, 0x00,
  0x00, 0x00, 0x00, 0x00, 0x00, 0x03, 0x00, 0x00, 0x00, 0x00, 0x00, 0x00,
  0x00, 0x0e, 0x00, 0x00, 0x00, 0x00, 0x00, 0x0f, 0xff, 0xfb, 0xff, 0xf7,
  0x83, 0x7f, 0xfe, 0xfe, 0x1d, 0xff, 0xff, 0xbb, 0xff, 0x00, 0xff, 0xff,
  0xc0, 0x3f, 0xff, 0xff, 0xf8, 0xff, 0xff, 0xfc, 0x03, 0xfc, 0x3f, 0xf8,
  0x00, 0x00, 0x00, 0x00, 0x00, 0x00, 0x00, 0x00, 0x00, 0x00, 0x00, 0x00,
  0x00, 0x00, 0x00, 0x00, 0x00, 0x00, 0x00, 0x00, 0x00, 0x00, 0x00, 0x00,
  0x00, 0x00, 0x00, 0x00, 0x00, 0x00, 0x00, 0x06, 0xdf, 0xd9, 0xfd, 0xb6,
  0x87, 0x77, 0xfe, 0xee, 0x0d, 0xdf, 0xfb, 0xbb, 0xb7, 0x00, 0xef, 0xec,
  0xc0, 0x1d, 0xbb, 0xb7, 0x58, 0x6f, 0xff, 0xcc, 0x01, 0xbc, 0x3f, 0x78,
  0x00, 0x00, 0x00, 0x1e, 0x00, 0x00, 0x00, 0x00, 0x00, 0x00, 0x00, 0x00,
  0x00, 0x00, 0x00, 0x00, 0x00, 0x00, 0x00, 0x7c, 0x00, 0x00, 0x00, 0x00,
  0x00, 0x00, 0x00, 0x00, 0x00, 0x00, 0x00, 0x00, 0x00, 0x18, 0x18, 0x30,
  0x07, 0x00, 0xc6, 0x00, 0x00, 0xc0, 0x01, 0x00, 0x00, 0x00, 0x00, 0x00,
  0x00, 0x00, 0x00, 0x00, 0x00, 0x06, 0x00, 0x00, 0x00, 0x00, 0x00, 0x00,
  0x00, 0x00, 0x00, 0x1e, 0x00, 0x00, 0x00, 0x00, 0x00, 0x00, 0x00, 0x00,
  0x00, 0x00, 0x00, 0x00, 0x00, 0x00, 0x00, 0x7c, 0x00, 0x00, 0x00, 0x00,
  0x00, 0x00, 0x00, 0x00, 0x00, 0x00, 0x00, 0x00, 0x00, 0x00, 0x00, 0x00,
  0x00, 0x00, 0x00, 0x00, 0x00, 0x00, 0x00, 0x00, 0x00, 0x00, 0x00, 0x00,
  0x00, 0x00, 0x00, 0x00, 0x00, 0x00, 0x00, 0x00, 0x00, 0x00, 0x00, 0x00,
  0x00, 0x00, 0x07, 0xe7, 0x00, 0x78, 0xf7, 0xef, 0x7e, 0x7b, 0xc0, 0x3f,
  0x61, 0xf0, 0x0f, 0xbe, 0xf8, 0xef, 0xff, 0x7c, 0x07, 0xdf, 0x9e, 0xd8,
  0x00, 0x00, 0x00, 0x00, 0x00, 0x00, 0x00, 0x00, 0x00, 0x00, 0x00, 0x00,
  0x00, 0x00, 0x00, 0x0e, 0x00, 0x00, 0x00, 0x00, 0x00, 0x00, 0x00, 0x1c,
  0x00, 0x00, 0x00, 0x00, 0x00, 0x00, 0x01, 0x81, 0x80, 0x18, 0x00, 0x00,
  0x00, 0x00, 0x07, 0xe7, 0x00, 0xfc, 0xff, 0xff, 0x7e, 0x7b, 0xe0, 0x3f,
  0x61, 0xf0, 0x1f, 0xff, 0xf9, 0xef, 0xff, 0x7c, 0x07, 0xff, 0x9e, 0xd8,
  0x00, 0x00, 0x00, 0x00, 0x00, 0x00, 0x00, 0x0f, 0xef, 0xfb, 0xfd, 0xf8,
  0x7f, 0xe7, 0x06, 0xff, 0xfe, 0x1f, 0xfd, 0xb8, 0x7f, 0x0f, 0xfe, 0xed,
  0xfd, 0xfc, 0x3b, 0xff, 0xb7, 0x0f, 0x41, 0xff, 0xdd, 0x18, 0x00, 0x00,
  0x00, 0x00, 0x07, 0xef, 0x00, 0xed, 0xc3, 0x9f, 0xfe, 0x61, 0xe0, 0x37,
  0x63, 0xf0, 0x1b, 0xff, 0xd9, 0x83, 0x3f, 0xfc, 0x07, 0xe6, 0x18, 0xd8,
  0x00, 0x00, 0x00, 0x00, 0x00, 0x00, 0x00, 0x0f, 0xed, 0xf8, 0xbd, 0xb8,
  0x7f, 0xef, 0x0e, 0xff, 0xfe, 0x1b, 0xf9, 0x38, 0x7f, 0x0f, 0xff, 0xef,
  0xff, 0xfc, 0x3b, 0xff, 0xe7, 0x0f, 0x41, 0xff, 0xfd, 0x18, 0x00, 0x00,
  0x00, 0x00, 0x07, 0xef, 0x80, 0xe1, 0xc3, 0x9f, 0xfe, 0x63, 0xe0, 0x3f,
  0x63, 0xf0, 0x1b, 0xff, 0xf9, 0x83, 0x3f, 0xec, 0x07, 0xe6, 0x18, 0xd8,
  0x00, 0x00, 0x00, 0x00, 0x00, 0x00, 0x00, 0x0f, 0xed, 0xfe, 0xbd, 0xb8,
  0x7f, 0xff, 0x0f, 0xff, 0xfe, 0x1b, 0xf9, 0x38, 0x7f, 0x0f, 0xff, 0xff,
  0xff, 0xfc, 0x3b, 0xff, 0xa7, 0x0f, 0x41, 0xff, 0xfd, 0xc0, 0x00, 0x00,
  0x00, 0x00, 0x07, 0xed, 0x80, 0xfd, 0xc7, 0x9f, 0xff, 0xfb, 0xe0, 0x3f,
  0x77, 0xf0, 0x1f, 0xfe, 0xf9, 0x8f, 0x3f, 0xfc, 0x07, 0xee, 0x7e, 0xf8,
  0x00, 0x00, 0x00, 0x00, 0x00, 0x00, 0x00, 0x0f, 0xff, 0xff, 0xbd, 0xb8,
  0x6f, 0xff, 0x0f, 0xef, 0xfe, 0x3f, 0xff, 0xb8, 0x7f, 0x0f, 0xfe, 0xff,
  0xfd, 0xfc, 0x3b, 0xff, 0xf7, 0x0f, 0xf1, 0xff, 0xdd, 0xc0, 0x00, 0x00,
  0x00, 0x00, 0x07, 0xfd, 0xc0, 0x7d, 0xc7, 0x9f, 0x7d, 0xfb, 0xe0, 0x3f,
  0x7d, 0xf0, 0x1f, 0xfe, 0xf9, 0x8f, 0x3f, 0x7c, 0x0e, 0x6e, 0x7e, 0xf8,
  0x00, 0x00, 0x00, 0x00, 0x00, 0x00, 0x00, 0x00, 0x0c, 0x00, 0x83, 0x80,
  0x00, 0x00, 0x00, 0x00, 0x00, 0x18, 0x01, 0x00, 0x00, 0x00, 0x00, 0x00,
  0x00, 0x00, 0x02, 0x00, 0x20, 0x00, 0x70, 0x00, 0x00, 0x00, 0x00, 0x00,
  0x00, 0x00, 0x01, 0x40, 0x00, 0x39, 0xc0, 0x0e, 0x1c, 0x61, 0xc0, 0x1c,
  0x1c, 0xe0, 0x0f, 0x9c, 0x71, 0x80, 0x06, 0x30, 0x00, 0x00, 0x18, 0xf0,
  0x00, 0x00, 0x00, 0x00, 0x00, 0x00, 0x00, 0x00, 0x00, 0x00, 0x80, 0x00,
  0x00, 0x00, 0x00, 0x00, 0x00, 0x00, 0x00, 0x00, 0x00, 0x00, 0x00, 0x00,
  0x00, 0x00, 0x00, 0x00, 0x00, 0x00, 0x00, 0x00, 0x00, 0x00, 0x00, 0x00,
  0x00, 0x00, 0x00, 0x00, 0x00, 0x03, 0xc3, 0x80, 0x00, 0x60, 0x00, 0x00,
  0x00, 0x00, 0x03, 0x80, 0x07, 0x83, 0x00, 0x00, 0x00, 0x06, 0x18, 0xc0,
  0x00, 0x00, 0x00, 0x00, 0x00, 0x00, 0x00, 0x00, 0x1e, 0x00, 0x00, 0x38,
  0x00, 0x00, 0x00, 0x00, 0x00, 0x10, 0x00, 0x00, 0x00, 0x00, 0x00, 0x00,
  0x00, 0x01, 0x00, 0x00, 0x00, 0x00, 0xc0, 0x00, 0x00, 0x00, 0x00, 0x00,
  0x00, 0x00, 0x00, 0x00, 0x00, 0x03, 0xc3, 0x80, 0x00, 0x00, 0x00, 0x00,
  0x00, 0x00, 0x03, 0x80, 0x03, 0x83, 0x00, 0x00, 0x00, 0x06, 0x00, 0xc0,
  0x00, 0x00, 0x00, 0x00, 0x00, 0x00, 0x00, 0x0e, 0xff, 0x9f, 0xbf, 0xfc,
  0x7f, 0xb7, 0xff, 0xe0, 0xc1, 0xdd, 0xf3, 0xdf, 0xb7, 0x76, 0x0e, 0xec,
  0xed, 0xdd, 0x81, 0xfb, 0x87, 0xf7, 0xc0, 0xed, 0xfc, 0xff, 0x9b, 0x80,
  0x00, 0x00, 0x00, 0x00, 0x00, 0x00, 0x00, 0x00, 0x00, 0x00, 0x00, 0x00,
  0x00, 0x00, 0x00, 0x00, 0x00, 0x00, 0x00, 0x00, 0x00, 0x00, 0x00, 0x00,
  0x00, 0x00, 0x00, 0x00, 0x00, 0x00, 0x00, 0x0f, 0xff, 0x9f, 0xff, 0xfc,
  0x7f, 0xf7, 0xff, 0xf1, 0xe1, 0xff, 0xf3, 0xff, 0xff, 0x76, 0x0e, 0xfe,
  0xff, 0xfd, 0x83, 0xff, 0x8f, 0xf7, 0xe1, 0xed, 0xff, 0xff, 0xff, 0x80,
  0x00, 0x00, 0x00, 0x00, 0x00, 0x00, 0x00, 0x1f, 0x00, 0x00, 0x00, 0x00,
  0x00, 0x00, 0x00, 0x00, 0xc0, 0x00, 0x00, 0x00, 0x00, 0x00, 0x00, 0x00,
  0x0e, 0x00, 0x00, 0x00, 0x00, 0x00, 0x00, 0x0f, 0xff, 0x9f, 0xdb, 0xec,
  0x7f, 0xe7, 0x6f, 0xf1, 0xe1, 0x77, 0xf3, 0xf3, 0x7f, 0x70, 0x06, 0xfe,
  0xdf, 0xfc, 0x03, 0x7f, 0x8d, 0xf6, 0xe1, 0xff, 0xe9, 0xbf, 0xf7, 0x80,
  0x00, 0x00, 0x00, 0x00, 0x00, 0x00, 0x00, 0x1f, 0x00, 0x00, 0x00, 0x00,
  0x00, 0x00, 0x00, 0x00, 0xc0, 0x00, 0x00, 0x00, 0x00, 0x00, 0x00, 0x00,
  0x0f, 0x00, 0x00, 0x00, 0x00, 0x00, 0x00, 0x0f, 0xff, 0xff, 0xfb, 0xfc,
  0x7f, 0xf7, 0xef, 0xfd, 0xe1, 0xff, 0xff, 0xff, 0x7f, 0x70, 0x06, 0xff,
  0xff, 0xfc, 0x07, 0xff, 0x8f, 0xf6, 0xf1, 0xff, 0xf9, 0xbf, 0xf7, 0x80,
  0x00, 0x00, 0x07, 0xe7, 0x0e, 0xff, 0xf6, 0xcf, 0x01, 0xf3, 0xe3, 0x80,
  0x7c, 0x01, 0xce, 0x7e, 0xf3, 0xf3, 0xce, 0x3c, 0x07, 0xdf, 0xb6, 0x79,
  0x83, 0x0e, 0x01, 0xb9, 0x8d, 0x80, 0x00, 0x06, 0xef, 0xff, 0x7b, 0xbc,
  0x7f, 0x37, 0xee, 0x66, 0xc0, 0xdd, 0xbf, 0xfb, 0x37, 0x70, 0x0e, 0xed,
  0xfd, 0xdc, 0x07, 0xf3, 0x07, 0xee, 0xb0, 0xdf, 0xdb, 0xbb, 0xf3, 0x00,
  0x00, 0x00, 0x07, 0xef, 0x9e, 0xff, 0xf6, 0xdf, 0x01, 0xfb, 0xe7, 0x80,
  0xfc, 0x07, 0xdf, 0x7e, 0xfb, 0xf7, 0xff, 0x7c, 0x07, 0xff, 0xb6, 0xfd,
  0x83, 0x8e, 0x01, 0xbb, 0xef, 0x80, 0x00, 0x00, 0x00, 0x00, 0x18, 0x00,
  0x00, 0x04, 0x60, 0x06, 0x00, 0x00, 0x00, 0x33, 0x00, 0x00, 0x0e, 0x00,
  0xc0, 0x0c, 0x03, 0x60, 0x00, 0x0e, 0x00, 0x00, 0x0b, 0x83, 0x70, 0x00,
  0x00, 0x00, 0x07, 0xff, 0x9c, 0xfc, 0xc6, 0xdf, 0x01, 0xfb, 0xe7, 0x00,
  0xfc, 0x07, 0xdf, 0xfe, 0xf8, 0xc7, 0x3b, 0xfc, 0x07, 0xe6, 0x36, 0xd9,
  0x87, 0x8e, 0x01, 0xff, 0xff, 0x80, 0x00, 0x00, 0x00, 0x00, 0x00, 0x00,
  0x00, 0x00, 0x00, 0x00, 0x00, 0x00, 0x00, 0x00, 0x00, 0x00, 0x00, 0x00,
  0x00, 0x00, 0x00, 0x00, 0x00, 0x00, 0x00, 0x00, 0x00, 0x00, 0x00, 0x00,
  0x00, 0x00, 0x07, 0xfd, 0x98, 0xfc, 0xc6, 0xdb, 0x01, 0xdb, 0x66, 0x00,
  0xfc, 0x06, 0x1b, 0xfe, 0xd8, 0xc7, 0x3f, 0xec, 0x06, 0x66, 0x36, 0xf9,
  0x87, 0x80, 0x01, 0xfe, 0x7f, 0x80, 0x00, 0x00, 0x00, 0x00, 0x00, 0x00,
  0x00, 0x0c, 0x00, 0x00, 0x00, 0x00, 0x00, 0x00, 0x00, 0x00, 0x00, 0x00,
  0x18, 0x00, 0x00, 0x00, 0x00, 0x00, 0x01, 0x80, 0x00, 0x00, 0x00, 0x00,
  0x00, 0x00, 0x07, 0xfd, 0x98, 0xfc, 0xc6, 0xdb, 0x01, 0xfb, 0x66, 0x00,
  0x7c, 0x07, 0x5b, 0xfe, 0xd8, 0xc7, 0x3f, 0xfc, 0x07, 0xe6, 0x36, 0xf9,
  0xdf, 0xc0, 0x01, 0xff, 0xff, 0xc0, 0x00, 0x0f, 0x0f, 0xfd, 0xff, 0xff,
  0xb8, 0x77, 0xff, 0xfd, 0xff, 0xff, 0xff, 0x87, 0xe0, 0x76, 0xfe, 0x1e,
  0x1d, 0xbf, 0xff, 0xf8, 0x7f, 0xff, 0xdf, 0xef, 0xff, 0xc3, 0xb0, 0x3f,
  0x70, 0x00, 0x07, 0xef, 0xbe, 0xf9, 0xc7, 0xdf, 0x01, 0xfb, 0x6f, 0x80,
  0x7c, 0x07, 0xdf, 0xfe, 0xfb, 0xc7, 0x3f, 0xfc, 0x07, 0xee, 0x3e, 0xf9,
  0xfe, 0xc0, 0x01, 0xff, 0xf8, 0xc0, 0x00, 0x0f, 0x0d, 0xfd, 0xfd, 0xbf,
  0xb0, 0x77, 0xff, 0x6c, 0xdf, 0xf9, 0xbf, 0x87, 0xe0, 0xf7, 0xfe, 0x1e,
  0x1f, 0xbf, 0xdb, 0xf8, 0x7f, 0xff, 0xc5, 0xec, 0xff, 0xc3, 0xf0, 0x37,
  0xf0, 0x00, 0x07, 0xcf, 0x3e, 0xf9, 0xc7, 0x8f, 0x01, 0xf3, 0x6f, 0x80,
  0x78, 0x03, 0xcf, 0x7e, 0xf3, 0xc7, 0x1e, 0x7c, 0x07, 0xce, 0x3c, 0xf9,
  0xfc, 0xc0, 0x01, 0xdb, 0xd8, 0xc0, 0x00, 0x0f, 0x0d, 0xfd, 0xfd, 0xbb,
  0xb0, 0x77, 0xff, 0x6c, 0xdf, 0xf9, 0xbf, 0x87, 0xf8, 0xff, 0xfe, 0x1e,
  0x1f, 0xff, 0xdb, 0xf8, 0x7f, 0xff, 0xf5, 0xec, 0xff, 0xc3, 0xf0, 0x37,
  0xf0, 0x00, 0x00, 0x00, 0x18, 0xe0, 0xc0, 0x00, 0x01, 0xc0, 0x06, 0x00,
  0x00, 0x00, 0x00, 0x00, 0x00, 0xcf, 0x00, 0x0c, 0x06, 0x06, 0x00, 0x00,
  0x00, 0x00, 0x01, 0xd8, 0x00, 0x00, 0x00, 0x0e, 0x1f, 0xfd, 0xff, 0xbb,
  0xb0, 0x77, 0xff, 0xef, 0xdf, 0xff, 0xbf, 0x87, 0xf8, 0x7f, 0xfe, 0x1e,
  0x1d, 0xff, 0xfb, 0xf8, 0x7f, 0xff, 0xfd, 0xff, 0xdf, 0xc3, 0xb8, 0x7f,
  0x70, 0x00, 0x00, 0x00, 0x00, 0xe0, 0xc0, 0x00, 0x01, 0xc0, 0x00, 0x00,
  0x00, 0x00, 0x00, 0x00, 0x00, 0xcf, 0x00, 0x0c, 0x06, 0x06, 0x00, 0x00,
  0x00, 0x00, 0x01, 0x98, 0x00, 0x00, 0x00, 0x00, 0x0c, 0x01, 0x01, 0x80,
  0x70, 0x00, 0x00, 0x6e, 0xc0, 0x19, 0x80, 0x00, 0x00, 0x00, 0x00, 0x00,
  0x00, 0x00, 0x18, 0x00, 0x18, 0x00, 0x04, 0x0c, 0xc0, 0x00, 0x38, 0x36,
  0x00, 0x00, 0x00, 0x00, 0x00, 0x00, 0x00, 0x00, 0x00, 0x00, 0x00, 0x00,
  0x00, 0x00, 0x00, 0x00, 0x00, 0x00, 0x00, 0x00, 0x00, 0x00, 0x00, 0x00,
  0x00, 0x00, 0x00, 0x00, 0x00, 0x00, 0x00, 0x00, 0x00, 0x00, 0x01, 0x80,
  0x00, 0x00, 0x00, 0x60, 0xc0, 0x01, 0x80, 0x00, 0x00, 0x00, 0x00, 0x00,
  0x00, 0x00, 0x18, 0x00, 0x00, 0x00, 0x04, 0x00, 0xc0, 0x00, 0x00, 0x00,
  0x00, 0x00, 0x00, 0x00, 0x00, 0x00, 0x00, 0x00, 0x00, 0x00, 0x00, 0x00,
  0x00, 0x00, 0x00, 0x00, 0x00, 0x00, 0x00, 0x00, 0x00, 0x00, 0x00, 0x00,
  0x00, 0x00, 0x00, 0x00, 0x00, 0x00, 0x00, 0x00, 0x00, 0x00, 0x00, 0x00,
  0x00, 0x00, 0x00, 0x00, 0x00, 0x00, 0x00, 0x00, 0x00, 0x00, 0x00, 0x00,
  0x00, 0x00, 0x00, 0x00, 0x00, 0x00, 0x00, 0x00, 0x00, 0x03, 0x00, 0x00,
  0x00, 0x00, 0x00, 0x00, 0x00, 0x00, 0x00, 0x00, 0x00, 0x00, 0x00, 0x00,
  0x00, 0x00, 0x00, 0x00, 0x00, 0x00, 0x00, 0x00, 0x00, 0x00, 0x00, 0x00,
  0x00, 0x00, 0x00, 0x00, 0x00, 0x00, 0x00, 0x0e, 0xc0, 0xcd, 0xbf, 0xdc,
  0x3b, 0x37, 0xff, 0x6e, 0x61, 0xdd, 0xdf, 0xff, 0xbf, 0xbf, 0x6e, 0xc0,
  0xdd, 0xc1, 0x9f, 0xff, 0xb0, 0x76, 0xe6, 0xe1, 0xdc, 0xc3, 0xb3, 0x37,
  0xf7, 0x00, 0x00, 0x00, 0x00, 0x00, 0x00, 0x00, 0x00, 0x00, 0x00, 0x00,
  0x00, 0x00, 0x00, 0x00, 0x00, 0x00, 0x00, 0x00, 0x00, 0x00, 0x00, 0x00,
  0x00, 0x00, 0x00, 0x00, 0x00, 0x00, 0x00, 0x0f, 0xc0, 0xdf, 0xbf, 0xdc,
  0x3f, 0xf7, 0xff, 0xfe, 0xe1, 0xff, 0xff, 0xff, 0xbf, 0xff, 0xfe, 0xc0,
  0xdf, 0xc3, 0xdf, 0xff, 0xb0, 0xff, 0xef, 0xe1, 0xfd, 0xc3, 0xf7, 0xb7,
  0xff, 0x00, 0x03, 0xef, 0xbe, 0x61, 0xf7, 0xc0, 0x3e, 0xf3, 0xef, 0x80,
  0xfd, 0xfb, 0xdf, 0x80, 0xdb, 0xff, 0xcc, 0x01, 0xff, 0xe6, 0x1e, 0x03,
  0xf7, 0xc0, 0x7d, 0xf9, 0xed, 0x80, 0x00, 0x0b, 0xc0, 0xd7, 0xbf, 0xf0,
  0x37, 0xe7, 0xf6, 0xde, 0xc1, 0x77, 0x3f, 0xff, 0xb7, 0xe6, 0xfe, 0x00,
  0xdf, 0xc3, 0x31, 0x7f, 0xa0, 0xcf, 0xed, 0xe1, 0xf5, 0x83, 0xf7, 0xfb,
  0xff, 0x00, 0x07, 0xff, 0xbe, 0x61, 0xff, 0xc0, 0x7f, 0xff, 0xef, 0x80,
  0xfd, 0xf3, 0xdf, 0x80, 0xdb, 0xff, 0xcc, 0x01, 0xff, 0xe6, 0x1e, 0x03,
  0xff, 0xc0, 0x7d, 0xf9, 0xed, 0x80, 0x00, 0x0f, 0xe1, 0xff, 0xff, 0xf0,
  0x7f, 0xf7, 0xfe, 0xee, 0xc1, 0xff, 0xff, 0xff, 0xff, 0xfe, 0xfe, 0x00,
  0xdf, 0xc3, 0xf3, 0x7f, 0xf0, 0xff, 0xed, 0xe1, 0xff, 0xc3, 0xff, 0xff,
  0xff, 0x00, 0x03, 0xfd, 0xb6, 0x63, 0x8f, 0xc0, 0x71, 0x9f, 0x6f, 0xc0,
  0xfc, 0xe3, 0x1f, 0x80, 0xd8, 0xcf, 0xc0, 0x01, 0xc7, 0xe6, 0x18, 0x03,
  0xff, 0xc0, 0x7e, 0x61, 0x8d, 0x80, 0x00, 0x0e, 0xe1, 0xed, 0xff, 0xb0,
  0x7b, 0x37, 0xfe, 0x6f, 0xc1, 0xfd, 0xff, 0xbf, 0xff, 0xfe, 0x6e, 0x01,
  0xfd, 0xc1, 0xf3, 0x37, 0x70, 0x76, 0xfc, 0xe1, 0xdf, 0xc3, 0xbb, 0x7f,
  0x76, 0x00, 0x07, 0xdd, 0xb6, 0x63, 0x8f, 0xc0, 0x71, 0xdf, 0x6f, 0xc0,
  0xfc, 0xe3, 0x1f, 0x80, 0xd8, 0xcf, 0xc0, 0x01, 0xc7, 0xe6, 0x18, 0x03,
  0xff, 0xc0, 0xfe, 0x61, 0x8d, 0x80, 0x00, 0x00, 0x60, 0xe0, 0x00, 0x30,
  0x30, 0x04, 0x06, 0x01, 0xc0, 0x60, 0x00, 0x00, 0x30, 0x66, 0x00, 0x01,
  0xf8, 0x00, 0x31, 0x00, 0x20, 0x00, 0x1c, 0x60, 0x01, 0x80, 0x00, 0x03,
  0x30, 0x00, 0x07, 0xcf, 0xb6, 0x7d, 0xff, 0xc0, 0x7f, 0xff, 0xef, 0x80,
  0xcf, 0xe7, 0xdf, 0x80, 0xfb, 0xcf, 0xc0, 0x01, 0xc7, 0xff, 0xfe, 0x03,
  0xff, 0xc0, 0xc7, 0xe7, 0xef, 0x80, 0x00, 0x00, 0x00, 0x00, 0x00, 0x00,
  0x00, 0x00, 0x00, 0x00, 0x00, 0x00, 0x00, 0x00, 0x00, 0x00, 0x00, 0x00,
  0x00, 0x00, 0x00, 0x00, 0x00, 0x00, 0x00, 0x00, 0x00, 0x00, 0x00, 0x00,
  0x00, 0x00, 0x03, 0xcf, 0x36, 0x7d, 0xf7, 0xc0, 0x3c, 0xf3, 0xef, 0x80,
  0xcf, 0xe7, 0xdf, 0x00, 0xfb, 0xcf, 0xc0, 0x01, 0xc3, 0xdf, 0xfe, 0x03,
  0xf7, 0x80, 0xc7, 0xe7, 0xef, 0x80, 0x00, 0x00, 0x00, 0x18, 0x03, 0x80,
  0x00, 0x60, 0x00, 0x00, 0x00, 0x00, 0x00, 0x00, 0x00, 0x00, 0x00, 0x00,
  0x00, 0x3c, 0x00, 0x00, 0x00, 0x00, 0x00, 0x00, 0x00, 0x00, 0x00, 0x00,
  0x00, 0x00, 0x00, 0x00, 0x00, 0x00, 0x00, 0x00, 0x00, 0x00, 0x60, 0x00,
  0x00, 0xe3, 0x1c, 0x00, 0xc0, 0xc0, 0x00, 0x01, 0xc0, 0x07, 0x98, 0x00,
  0x00, 0x00, 0x00, 0x61, 0x8c, 0x00, 0x00, 0x06, 0xfe, 0x1d, 0xbd, 0xbf,
  0xb8, 0x76, 0xff, 0xfe, 0xff, 0xe3, 0xc3, 0xbb, 0x7e, 0x70, 0xff, 0xee,
  0xff, 0xff, 0xc3, 0xff, 0x87, 0xf0, 0xf0, 0xfe, 0xfd, 0xc3, 0xff, 0xff,
  0x7f, 0x00, 0x00, 0x00, 0x00, 0x00, 0x00, 0x00, 0x00, 0x00, 0x60, 0x00,
  0x00, 0xe0, 0x1c, 0x00, 0xc0, 0xc0, 0x00, 0x01, 0xc0, 0x07, 0x80, 0x00,
  0x00, 0x00, 0x00, 0x60, 0x0c, 0x00, 0x00, 0x06, 0xfe, 0x1f, 0xbd, 0xbf,
  0xb0, 0x7e, 0xff, 0xfe, 0xdf, 0xe3, 0xc3, 0xfb, 0xfe, 0xf0, 0xff, 0xec,
  0xdf, 0xff, 0xc7, 0xff, 0x86, 0xf0, 0xf0, 0xde, 0xbd, 0x83, 0xff, 0xff,
  0x7f, 0x00, 0x00, 0x00, 0x00, 0x00, 0x00, 0x00, 0x00, 0x00, 0x00, 0x00,
  0x00, 0xe0, 0x00, 0x00, 0x00, 0xc0, 0x00, 0x00, 0x00, 0x00, 0x00, 0x00,
  0x00, 0x00, 0x00, 0x60, 0x00, 0x00, 0x00, 0x06, 0xfe, 0x1f, 0xfd, 0xbf,
  0xb0, 0x7f, 0xfe, 0xfe, 0xdf, 0xe3, 0xc3, 0xff, 0xff, 0xf0, 0xfe, 0xec,
  0xdf, 0xff, 0xc7, 0xff, 0x86, 0xf0, 0xf0, 0xde, 0x9d, 0x83, 0xff, 0xff,
  0x7f, 0x00, 0x00, 0x00, 0x00, 0x00, 0x00, 0x00, 0x00, 0x00, 0x00, 0x00,
  0x00, 0x00, 0x00, 0x00, 0x00, 0x00, 0x00, 0x00, 0x00, 0x00, 0x00, 0x00,
  0x00, 0x00, 0x00, 0x00, 0x00, 0x00, 0x00, 0x06, 0xfe, 0x1d, 0xff, 0xbb,
  0xf8, 0x77, 0xfe, 0xef, 0xff, 0xe3, 0xc3, 0xbf, 0xff, 0xf0, 0xfe, 0xec,
  0xdd, 0xff, 0xc3, 0xff, 0x8f, 0xf0, 0xe1, 0xff, 0xdd, 0x83, 0xbf, 0xff,
  0x7f, 0x00, 0x00, 0x00, 0x00, 0x00, 0x00, 0x18, 0x00, 0x00, 0x00, 0x00,
  0x00, 0x00, 0x00, 0x00, 0x00, 0x00, 0x00, 0x00, 0x00, 0x00, 0x00, 0x00,
  0x00, 0x00, 0x00, 0x00, 0x00, 0x00, 0x00, 0x0f, 0x80, 0x00, 0x01, 0x80,
  0x30, 0x00, 0x00, 0x00, 0xc0, 0x60, 0x00, 0x00, 0x00, 0x00, 0x0c, 0x1d,
  0xc0, 0x00, 0x01, 0x80, 0x06, 0x00, 0x00, 0xc0, 0x83, 0x80, 0x60, 0x00,
  0x00, 0x00, 0x00, 0x00, 0x00, 0x00, 0x00, 0x18, 0x00, 0x00, 0x00, 0x00,
  0x00, 0x00, 0x00, 0x00, 0x00, 0x00, 0x00, 0x00, 0x00, 0x00, 0x00, 0x00,
  0x00, 0x00, 0x00, 0x00, 0x00, 0x00, 0x00, 0x00, 0x00, 0x00, 0x01, 0x80,
  0x00, 0x00, 0x00, 0x00, 0x00, 0x00, 0x00, 0x00, 0x00, 0x00, 0x00, 0x00,
  0x00, 0x00, 0x00, 0x00, 0x00, 0x00, 0x00, 0x00, 0x00, 0x00, 0x00, 0x00,
  0x00, 0x00, 0x03, 0xef, 0x9c, 0x7c, 0xf7, 0xdf, 0x3e, 0xc0, 0x0d, 0xbf,
  0x3d, 0xbf, 0xdf, 0x80, 0xf3, 0xe3, 0xc0, 0x7d, 0xb7, 0xe0, 0x1e, 0xf9,
  0xee, 0xc0, 0x3d, 0xfb, 0xe0, 0x00, 0x00, 0x00, 0x00, 0x00, 0x00, 0x00,
  0x00, 0x00, 0x00, 0x00, 0x00, 0x00, 0x00, 0x00, 0x00, 0x00, 0x00, 0x00,
  0x00, 0x00, 0x00, 0x00, 0x00, 0x00, 0x00, 0x00, 0x00, 0x00, 0x00, 0x00,
  0x00, 0x00, 0x07, 0xff, 0x9c, 0xfc, 0xf7, 0xdf, 0xfe, 0xc0, 0x0f, 0xbf,
  0x3d, 0xf7, 0xdf, 0x80, 0xfb, 0xe7, 0xc0, 0xfd, 0xb7, 0xe0, 0x1e, 0xfb,
  0xff, 0xc0, 0x3d, 0xff, 0xe0, 0x00, 0x00, 0x00, 0x00, 0x00, 0x00, 0x00,
  0x00, 0x00, 0x00, 0x00, 0x00, 0x00, 0x00, 0x00, 0x00, 0x00, 0x00, 0x00,
  0x00, 0x00, 0x00, 0x00, 0x00, 0x00, 0x00, 0x00, 0x00, 0x00, 0x00, 0x00,
  0x00, 0x00, 0x07, 0xff, 0xbe, 0xfd, 0xce, 0xdb, 0xfe, 0xc0, 0x0f, 0xff,
  0x71, 0xe7, 0xfb, 0x81, 0xdb, 0x67, 0x00, 0xed, 0xb6, 0xe0, 0x18, 0xdf,
  0x7f, 0x80, 0x31, 0xff, 0xe0, 0x00, 0x00, 0x00, 0x00, 0x00, 0x00, 0x00,
  0x00, 0x00, 0x00, 0x00, 0x00, 0x00, 0x00, 0x00, 0x00, 0x00, 0x00, 0x00,
  0x00, 0x00, 0x00, 0x00, 0x00, 0x00, 0x00, 0x00, 0x00, 0x00, 0x00, 0x00,
  0x00, 0x00, 0x06, 0xff, 0xbe, 0xfd, 0xce, 0xdb, 0xfe, 0xc0, 0x1f, 0xff,
  0x71, 0xe7, 0xfb, 0x81, 0xdb, 0x67, 0x00, 0x7d, 0xb6, 0xe0, 0x18, 0xdf,
  0x7f, 0x80, 0x31, 0xff, 0xe0, 0x00, 0x00, 0x00, 0x00, 0x00, 0x00, 0x00,
  0x00, 0x00, 0x00, 0x00, 0x00, 0x00, 0x00, 0x00, 0x00, 0x00, 0x00, 0x00,
  0x00, 0x00, 0x00, 0x00, 0x00, 0x00, 0x00, 0x00, 0x00, 0x00, 0x00, 0x00,
  0x00, 0x00, 0x07, 0xff, 0xb6, 0xfd, 0xcf, 0xdf, 0xfe, 0xf8, 0x1b, 0xff,
  0x71, 0xf7, 0xff, 0x81, 0xfb, 0x6f, 0xc0, 0x7d, 0xf7, 0xe0, 0x7e, 0xfb,
  0xff, 0x80, 0x7d, 0xff, 0xe0, 0x00, 0x00, 0x00, 0x00, 0x00, 0x00, 0x00,
  0x00, 0x00, 0x00, 0x00, 0x00, 0x00, 0x00, 0x00, 0x00, 0x00, 0x00, 0x00,
  0x00, 0x00, 0x00, 0x00, 0x00, 0x00, 0x00, 0x00, 0x00, 0x00, 0x00, 0x00,
  0x00, 0x00, 0x03, 0xef, 0xb7, 0xf9, 0xc7, 0xdf, 0x7c, 0xf8, 0x18, 0xfe,
  0x71, 0xf7, 0xdf, 0x80, 0xfb, 0x6f, 0xc0, 0x7d, 0xf7, 0xe0, 0x7e, 0xfb,
  0xef, 0xc0, 0x7d, 0xf3, 0xe0, 0x00, 0x00, 0x00, 0x00, 0x00, 0x00, 0x00,
  0x00, 0x00, 0x00, 0x00, 0x00, 0x00, 0x00, 0x00, 0x00, 0x00, 0x00, 0x00,
  0x00, 0x00, 0x00, 0x00, 0x00, 0x00, 0x00, 0x00, 0x00, 0x00, 0x00, 0x00,
  0x00, 0x00, 0x00, 0x60, 0x00, 0x03, 0xc0, 0x00, 0x00, 0x00, 0x00, 0x00,
  0xf1, 0x80, 0x03, 0x80, 0x00, 0x07, 0x00, 0x00, 0x00, 0xe0, 0x18, 0x00,
  0x0e, 0x00, 0x31, 0xc0, 0x00, 0x00, 0x00, 0x00, 0x00, 0x00, 0x00, 0x00,
  0x00, 0x00, 0x00, 0x00, 0x00, 0x00, 0x00, 0x00, 0x00, 0x00, 0x00, 0x00,
  0x00, 0x00, 0x00, 0x00, 0x00, 0x00, 0x00, 0x00, 0x00, 0x00, 0x00, 0x00,
  0x00, 0x00, 0x00, 0x60, 0x00, 0x03, 0xc0, 0x00, 0x00, 0x00, 0x00, 0x00,
  0xf1, 0x80, 0x03, 0x80, 0x00, 0x07, 0x00, 0x00, 0x00, 0xe0, 0x18, 0x00,
  0x0e, 0x00, 0x31, 0xc0, 0x00, 0x00, 0x00, 0x00, 0x00, 0x00, 0x00, 0x00,
  0x00, 0x00, 0x00, 0x00, 0x00, 0x00, 0x00, 0x00, 0x00, 0x00, 0x00, 0x00,
  0x00, 0x00, 0x00, 0x00, 0x00, 0x00, 0x00, 0x00, 0x00, 0x00, 0x00, 0x00,
  0x00, 0x00, 0x00, 0x00, 0x00, 0x00, 0x00, 0x00, 0x00, 0x00, 0x00, 0x00,
  0x00, 0x00, 0x00, 0x00, 0x00, 0x00, 0x00, 0x00, 0x00, 0x00, 0x00, 0x00,
  0x00, 0x00, 0x00, 0x00, 0x00, 0x00, 0x00, 0x00, 0x00, 0x03, 0x00, 0x00,
  0x00, 0x0e, 0x00, 0x00, 0x00, 0x00, 0x00, 0x00, 0x00, 0x0c, 0xc0, 0x00,
  0x00, 0x00, 0x00, 0x00, 0x00, 0x00, 0x00, 0x00, 0x00, 0x00, 0x00, 0x00,
  0x00, 0x00, 0x00, 0x00, 0x00, 0x00, 0x00, 0x00, 0x00, 0x00, 0x00, 0x00,
  0x00, 0x00, 0x00, 0x00, 0x00, 0x00, 0x00, 0x00, 0x00, 0x00, 0x00, 0x00,
  0x00, 0x00, 0x00, 0x00, 0x00, 0x00, 0x00, 0x0f, 0xef, 0xff, 0xff, 0xff,
  0xf8, 0x76, 0x07, 0xed, 0xfe, 0x1d, 0xcb, 0x78, 0x7b, 0x7f, 0xff, 0xc1,
  0xfd, 0xff, 0x03, 0xa7, 0xf7, 0x40, 0xef, 0xec, 0x00, 0x00, 0x00, 0x00,
  0x00, 0x00, 0x00, 0x00, 0x30, 0xc0, 0x00, 0x00, 0x00, 0x00, 0x00, 0x00,
  0xf0, 0x06, 0x00, 0x00, 0x00, 0x00, 0x00, 0x00, 0x00, 0x00, 0x00, 0x00,
  0x00, 0x00, 0x00, 0x00, 0x00, 0x00, 0x00, 0x0f, 0xff, 0xff, 0xff, 0xdf,
  0xf8, 0x7f, 0x06, 0xed, 0xfe, 0x1b, 0xff, 0xb0, 0x7e, 0xff, 0xff, 0xc1,
  0xff, 0xbf, 0x07, 0xa3, 0x7f, 0x40, 0x6f, 0xec, 0x00, 0x00, 0x00, 0x00,
  0x00, 0x00, 0x00, 0x00, 0x30, 0xc0, 0x00, 0x00, 0x00, 0x00, 0x00, 0x00,
  0xf0, 0x06, 0x00, 0x00, 0x00, 0x00, 0x00, 0x00, 0x00, 0x00, 0x00, 0x00,
  0x00, 0x00, 0x00, 0x00, 0x00, 0x00, 0x00, 0x0f, 0xff, 0xff, 0xff, 0xdf,
  0xf8, 0x7f, 0x06, 0xef, 0xfe, 0x1b, 0xf9, 0x98, 0x72, 0xff, 0xff, 0xe1,
  0xff, 0xbf, 0xc7, 0xbb, 0x7f, 0x70, 0x69, 0xe0, 0x00, 0x00, 0x00, 0x00,
  0x00, 0x00, 0x07, 0xef, 0xbe, 0xf9, 0xf6, 0xcf, 0x3e, 0x00, 0x00, 0x3f,
  0x30, 0x07, 0xcc, 0x3e, 0x73, 0xf7, 0x9f, 0x78, 0x07, 0xcf, 0x18, 0x3b,
  0xe7, 0xdc, 0x3c, 0x00, 0x00, 0x00, 0x00, 0x0e, 0xef, 0xff, 0xff, 0xfb,
  0xf8, 0x7d, 0x0f, 0xef, 0xfe, 0x1b, 0xd9, 0xb8, 0x77, 0x7f, 0xfe, 0xe1,
  0xff, 0xff, 0xc3, 0xbf, 0x7f, 0x70, 0x6f, 0xe0, 0x00, 0x00, 0x00, 0x00,
  0x00, 0x00, 0x07, 0xff, 0xbe, 0xff, 0xf6, 0xdf, 0x7e, 0x00, 0x00, 0x3f,
  0x38, 0x07, 0xcc, 0x7e, 0x73, 0xff, 0xff, 0x7c, 0x07, 0xdf, 0x98, 0x7b,
  0xff, 0xdc, 0x7c, 0x00, 0x00, 0x00, 0x00, 0x00, 0x00, 0x00, 0x00, 0x18,
  0x18, 0x60, 0x06, 0xc0, 0x00, 0x19, 0xdb, 0xf8, 0x02, 0x00, 0x00, 0x00,
  0x01, 0x80, 0x01, 0x83, 0x00, 0x00, 0xee, 0x00, 0x00, 0x00, 0x00, 0x00,
  0x00, 0x00, 0x07, 0xfd, 0xb7, 0xff, 0xf6, 0xdf, 0xee, 0x07, 0xf0, 0x3f,
  0x78, 0x06, 0xec, 0x7e, 0xf0, 0xcd, 0xff, 0x3c, 0x01, 0xff, 0x98, 0x63,
  0xff, 0xdc, 0x7e, 0x00, 0x00, 0x00, 0x00, 0x00, 0x00, 0x00, 0x00, 0x18,
  0x00, 0x00, 0x00, 0x00, 0x00, 0x00, 0x00, 0x00, 0x00, 0x00, 0x00, 0x00,
  0x00, 0x00, 0x00, 0x03, 0x00, 0x00, 0x00, 0x00, 0x00, 0x00, 0x00, 0x00,
  0x00, 0x00, 0x07, 0xff, 0xb7, 0xcf, 0xf6, 0xdf, 0xee, 0x07, 0xf0, 0x3f,
  0x7c, 0x06, 0xec, 0x7e, 0xf8, 0xcd, 0xff, 0x7c, 0x07, 0xd9, 0x98, 0x63,
  0xff, 0xdc, 0x7e, 0x00, 0x00, 0x00, 0x00, 0x00, 0x1c, 0x00, 0x00, 0x00,
  0x00, 0x00, 0x00, 0x00, 0x00, 0x00, 0x00, 0x00, 0x00, 0x00, 0x00, 0x00,
  0x00, 0x3c, 0x00, 0x00, 0x00, 0x00, 0x00, 0x00, 0x00, 0x00, 0x00, 0x20,
  0x00, 0x00, 0x07, 0xef, 0xbf, 0xff, 0xf7, 0xdf, 0xfe, 0x00, 0x00, 0x3f,
  0xfc, 0x07, 0xef, 0xfe, 0xdb, 0xcf, 0xff, 0x7c, 0x07, 0xdf, 0xbe, 0xfb,
  0xf7, 0xdf, 0x7e, 0x00, 0x00, 0x00, 0x00, 0x07, 0xfc, 0xf9, 0x81, 0xbb,
  0x87, 0xff, 0xf0, 0x6f, 0xef, 0x9c, 0xdd, 0xb0, 0x7f, 0xf0, 0xfe, 0x1a,
  0xd7, 0xff, 0xff, 0xb0, 0x7f, 0x7c, 0xee, 0xde, 0xd9, 0x9d, 0xfa, 0x30,
  0x00, 0x00, 0x07, 0xef, 0xbe, 0xff, 0xf7, 0xdf, 0x7e, 0x00, 0x00, 0x3f,
  0xec, 0x07, 0xcf, 0xff, 0xdb, 0xcf, 0xbf, 0x7c, 0x07, 0xcf, 0xbe, 0xff,
  0x37, 0xdf, 0x7c, 0x00, 0x00, 0x00, 0x00, 0x07, 0xed, 0xf9, 0x81, 0xbf,
  0x87, 0xff, 0xf0, 0xff, 0xef, 0xbd, 0xdf, 0xf0, 0x7f, 0xf0, 0xfe, 0x1e,
  0xd7, 0xff, 0xff, 0xf8, 0x7f, 0xfc, 0xff, 0xfe, 0xdb, 0xdd, 0xfa, 0x30,
  0x00, 0x00, 0x07, 0xc7, 0x0c, 0x38, 0xe1, 0x8e, 0x3e, 0x00, 0x00, 0x1e,
  0x00, 0x01, 0x83, 0x9c, 0x00, 0x07, 0x00, 0x38, 0x03, 0xc6, 0x1c, 0x60,
  0x07, 0x83, 0x38, 0x00, 0x00, 0x00, 0x00, 0x0d, 0xef, 0xf8, 0x01, 0xbf,
  0x87, 0xfa, 0xf0, 0xdb, 0xed, 0xb5, 0x9b, 0xf0, 0x7f, 0xf0, 0xfe, 0x1e,
  0xdf, 0xff, 0xdb, 0xf8, 0x7a, 0xcc, 0xb9, 0xfe, 0x9b, 0xdb, 0x7a, 0x00,
  0x00, 0x00, 0x07, 0x00, 0x00, 0x00, 0x00, 0x00, 0x0e, 0x00, 0x00, 0x00,
  0x00, 0x00, 0x00, 0x00, 0x00, 0xc0, 0x00, 0x00, 0x00, 0x00, 0x1e, 0x60,
  0x00, 0x00, 0x00, 0x00, 0x00, 0x00, 0x00, 0x0c, 0xff, 0xfe, 0x01, 0xbf,
  0x87, 0xfe, 0xf0, 0xff, 0xff, 0xfd, 0x9b, 0xf8, 0x7f, 0xf0, 0xfe, 0x0e,
  0xdf, 0xff, 0xd9, 0xf8, 0x7e, 0xff, 0xff, 0xff, 0xdf, 0xdb, 0x7b, 0x80,
  0x00, 0x00, 0x07, 0x00, 0x00, 0x00, 0x00, 0x00, 0x0e, 0x00, 0x00, 0x00,
  0x00, 0x00, 0x00, 0x00, 0x00, 0xc0, 0x00, 0x00, 0x00, 0x00, 0x0e, 0x00,
  0x00, 0x00, 0x00, 0x00, 0x00, 0x00, 0x00, 0x0c, 0xfe, 0xde, 0x03, 0xfb,
  0x87, 0xf6, 0xf0, 0x6f, 0xff, 0xff, 0xbb, 0xb8, 0x4f, 0x70, 0xee, 0x0d,
  0xff, 0xdf, 0xbf, 0xf8, 0x76, 0x7f, 0xee, 0xdd, 0xdd, 0xbb, 0x3b, 0x80,
  0x00, 0x00, 0x00, 0x00, 0x00, 0x00, 0x00, 0x00, 0x00, 0x00, 0x00, 0x00,
  0x00, 0x00, 0x00, 0x00, 0x00, 0x00, 0x00, 0x00, 0x00, 0x00, 0x00, 0x00,
  0x00, 0x00, 0x00, 0x00, 0x00, 0x00, 0x00, 0x0c, 0x00, 0x00, 0x03, 0xf0,
  0x00, 0x02, 0x00, 0x00, 0x0c, 0x03, 0xb8, 0x00, 0x00, 0x00, 0x00, 0x0d,
  0xfe, 0x00, 0x3b, 0x30, 0x02, 0x00, 0x00, 0x00, 0x80, 0x3b, 0x00, 0x00,
  0x00, 0x00, 0x00, 0x00, 0x00, 0x00, 0x00, 0x00, 0x00, 0x00, 0x0f, 0x00,
  0x00, 0x00, 0x00, 0x00, 0x03, 0x00, 0x00, 0x00, 0x00, 0x00, 0x00, 0x00,
  0x00, 0x00, 0x00, 0x00, 0x00, 0x00, 0x00, 0x00, 0x00, 0x00, 0x00, 0x00,
  0x00, 0x00, 0x00, 0x00, 0x00, 0x00, 0x00, 0x00, 0x00, 0x00, 0x00, 0x00,
  0x00, 0x00, 0x00, 0x00, 0x00, 0x00, 0x00, 0x00, 0x00, 0x00, 0x00, 0x00,
  0x00, 0x00, 0x00, 0x00, 0x00, 0x00, 0x00, 0x00, 0x00, 0x00, 0x0f, 0x80,
  0x00, 0x00, 0x00, 0x00, 0x03, 0x00, 0x00, 0x00, 0x00, 0x00, 0x00, 0x00,
  0x00, 0x00, 0x00, 0x00, 0x00, 0x00, 0x00, 0x00, 0x01, 0x80, 0x00, 0x00,
  0x00, 0x00, 0x00, 0x0e, 0x00, 0x00, 0x00, 0x00, 0x00, 0x00, 0x00, 0x00,
  0x01, 0x00, 0x00, 0x07, 0x00, 0x00, 0x00, 0x00, 0x00, 0x00, 0x00, 0x00,
  0x00, 0x00, 0x00, 0x0f, 0x80, 0xfc, 0xe3, 0x8f, 0x00, 0xfb, 0x87, 0x8e,
  0xfc, 0x70, 0x1f, 0x9c, 0x3b, 0xc3, 0x00, 0xec, 0xf3, 0x07, 0x00, 0xf0,
  0x07, 0xdb, 0x3c, 0x78, 0x00, 0x00, 0x00, 0x0e, 0xff, 0xfd, 0xff, 0xd8,
  0x3f, 0xf7, 0x7f, 0xee, 0x1f, 0xfd, 0xff, 0xbb, 0x7e, 0x0f, 0xff, 0x0f,
  0xff, 0xdf, 0xdb, 0xbb, 0x07, 0xff, 0xff, 0xe1, 0xe3, 0xfd, 0xff, 0xfe,
  0x7f, 0xf0, 0x00, 0x0f, 0x80, 0xff, 0xf7, 0xdf, 0x01, 0xfb, 0x8f, 0xbf,
  0xfc, 0xf0, 0x1f, 0xfe, 0x7b, 0xe3, 0x00, 0xed, 0xf3, 0x1f, 0x80, 0xf8,
  0x0f, 0xdb, 0x7c, 0xf8, 0x00, 0x00, 0x00, 0x0f, 0xff, 0xff, 0xff, 0xd0,
  0x37, 0xff, 0x66, 0xfe, 0x1f, 0xfd, 0xbf, 0xfb, 0xfe, 0x0f, 0xff, 0x1f,
  0xff, 0xdb, 0xd7, 0xb7, 0x06, 0xff, 0xff, 0xe1, 0xe3, 0xdb, 0x3f, 0xfe,
  0xff, 0xf0, 0x00, 0x07, 0x00, 0xff, 0xbf, 0xdf, 0x01, 0xfb, 0x8f, 0xbb,
  0xfc, 0xc0, 0x1f, 0xf6, 0x63, 0xf3, 0x00, 0xed, 0xf3, 0x1d, 0x80, 0xf8,
  0x0f, 0xdb, 0x6c, 0xe0, 0x00, 0x00, 0x00, 0x0f, 0xff, 0xff, 0xff, 0xd0,
  0x37, 0xff, 0x66, 0xfe, 0x1f, 0xdd, 0xbb, 0xff, 0xff, 0x8f, 0xff, 0x1f,
  0xff, 0xdb, 0xd7, 0xb7, 0x86, 0xff, 0xff, 0xe1, 0xe3, 0xdb, 0x3f, 0xff,
  0xff, 0xf0, 0x00, 0x07, 0x00, 0xff, 0xff, 0xdb, 0x01, 0xfb, 0x8d, 0xbf,
  0xfc, 0xc0, 0x1f, 0xfe, 0x63, 0x70, 0x00, 0xed, 0xfb, 0x1f, 0x80, 0xf8,
  0x0f, 0xdb, 0x7c, 0xe0, 0x00, 0x00, 0x00, 0x0e, 0xff, 0xfd, 0xff, 0xf8,
  0x37, 0xf7, 0x6e, 0xee, 0x17, 0xdf, 0xfb, 0xbf, 0xff, 0x8f, 0xff, 0x0f,
  0xff, 0xdb, 0xfb, 0xb7, 0x86, 0xff, 0xff, 0xe1, 0xc3, 0xfb, 0x3f, 0xff,
  0xff, 0xf0, 0x00, 0x07, 0x00, 0xff, 0xff, 0xdb, 0x01, 0xfb, 0xad, 0xbf,
  0xfc, 0xc0, 0x1f, 0xfe, 0x63, 0x70, 0x00, 0xfd, 0xfb, 0xbf, 0x80, 0xf0,
  0x0f, 0xdb, 0x7c, 0xe0, 0x00, 0x00, 0x00, 0x00, 0x00, 0x00, 0x00, 0x10,
  0x70, 0x60, 0xe6, 0x00, 0x01, 0x81, 0x80, 0x00, 0x00, 0x00, 0x03, 0x00,
  0x00, 0x38, 0x10, 0x70, 0x0e, 0x00, 0xc0, 0x60, 0x00, 0x1b, 0x20, 0x00,
  0x00, 0x00, 0x03, 0xc7, 0x00, 0xfb, 0xf7, 0xdf, 0x01, 0xfb, 0xef, 0xbf,
  0xff, 0xf0, 0x1f, 0x7e, 0x63, 0xe0, 0x00, 0xfd, 0xf3, 0xff, 0x98, 0xf8,
  0x0c, 0xff, 0x7d, 0xf8, 0x00, 0x00, 0x00, 0x00, 0x00, 0x00, 0x00, 0x00,
  0x00, 0x00, 0x06, 0x00, 0x00, 0x00, 0x00, 0x00, 0x00, 0x00, 0x00, 0x00,
  0x00, 0x00, 0x00, 0x00, 0x00, 0x00, 0x00, 0x00, 0x00, 0x18, 0x00, 0x00,
  0x00, 0x00, 0x03, 0xc7, 0x00, 0xf9, 0xe7, 0x9f, 0x01, 0xfb, 0xef, 0x9e,
  0xfb, 0xf0, 0x1f, 0x3c, 0x63, 0xe0, 0x00, 0xec, 0xf3, 0xef, 0x1c, 0x78,
  0x0c, 0xfe, 0x7d, 0xf8, 0x00, 0x00, 0x00, 0x00, 0x00, 0x00, 0x00, 0x00,
  0x00, 0x00, 0x0c, 0x00, 0x00, 0x00, 0x00, 0x00, 0x00, 0x00, 0x0e, 0x00,
  0x00, 0x00, 0x00, 0x00, 0x00, 0x00, 0x00, 0x00, 0x00, 0x00, 0x00, 0x00,
  0x00, 0x00, 0x03, 0xcf, 0x80, 0x00, 0x00, 0x03, 0x00, 0x00, 0x00, 0x00,
  0x00, 0xc0, 0x1c, 0x01, 0xe0, 0x00, 0x00, 0xec, 0x00, 0x00, 0x1c, 0x00,
  0x00, 0x18, 0x00, 0xe0, 0x00, 0x00, 0x00, 0x06, 0xe9, 0x9c, 0xdf, 0xfb,
  0xb0, 0x76, 0x0e, 0xee, 0xe1, 0xff, 0xdd, 0x3b, 0xbf, 0x6f, 0xff, 0x0d,
  0xf7, 0xd9, 0x98, 0x37, 0xb0, 0xc7, 0xe1, 0xff, 0xc3, 0xd8, 0x00, 0x00,
  0x00, 0x00, 0x03, 0xcf, 0x80, 0x00, 0x00, 0x03, 0x00, 0x00, 0x00, 0x00,
  0x00, 0x00, 0x1c, 0x01, 0xe0, 0x00, 0x00, 0xec, 0x00, 0x00, 0x1c, 0x00,
  0x00, 0x18, 0x00, 0x00, 0x00, 0x00, 0x00, 0x0f, 0xe9, 0x9f, 0xdf, 0xff,
  0xf8, 0x7e, 0x0f, 0xfe, 0xe1, 0xff, 0xfd, 0x7f, 0xbf, 0x6f, 0xff, 0x0d,
  0xff, 0xfd, 0x98, 0x37, 0xf8, 0xcf, 0xf1, 0xff, 0xe3, 0xfc, 0x00, 0x00,
  0x00, 0x00, 0x00, 0x00, 0x00, 0x00, 0x00, 0x00, 0x00, 0x00, 0x00, 0x00,
  0x00, 0x00, 0x00, 0x00, 0x00, 0x00, 0x00, 0x00, 0x00, 0x00, 0x00, 0x00,
  0x00, 0x00, 0x00, 0x00, 0x00, 0x00, 0x00, 0x0d, 0xad, 0x9f, 0x19, 0xaf,
  0xf8, 0x5e, 0x0f, 0xbe, 0xdd, 0xff, 0xfd, 0x7e, 0x37, 0x66, 0xfb, 0x0c,
  0xdf, 0xfd, 0x80, 0x37, 0xf8, 0xfc, 0xf1, 0xff, 0x63, 0xfc, 0x00, 0x00,
  0x00, 0x00, 0x00, 0x00, 0x00, 0x00, 0x00, 0x00, 0x00, 0x00, 0x00, 0x00,
  0x00, 0x00, 0x00, 0x00, 0x00, 0x00, 0x00, 0x00, 0x00, 0x00, 0x00, 0x00,
  0x00, 0x00, 0x00, 0x00, 0x00, 0x00, 0x00, 0x0f, 0xef, 0xff, 0xff, 0xbf,
  0xf8, 0x7f, 0x0f, 0xff, 0xe1, 0xff, 0xff, 0xff, 0xff, 0x7e, 0xff, 0x1f,
  0xdf, 0xfd, 0x80, 0x37, 0xf8, 0xfc, 0xf1, 0xff, 0xe3, 0xfc, 0x00, 0x00,
  0x00, 0x00, 0x00, 0x00, 0x00, 0x00, 0x00, 0x00, 0x00, 0x00, 0x00, 0x00,
  0x00, 0x00, 0x00, 0x00, 0x00, 0x00, 0x00, 0x00, 0x00, 0x00, 0x00, 0x00,
  0x00, 0x00, 0x00, 0x00, 0x00, 0x00, 0x00, 0x06, 0xcf, 0xfc, 0xff, 0xbb,
  0xb0, 0x37, 0x0e, 0xef, 0xe1, 0xdf, 0xbf, 0xfb, 0xff, 0x7e, 0xef, 0x1f,
  0xdf, 0xd9, 0x80, 0x7f, 0x30, 0xff, 0xf1, 0xdd, 0xe3, 0x98, 0x00, 0x00,
  0x00, 0x00, 0x00, 0x00, 0x00, 0x00, 0x00, 0x00, 0x00, 0x00, 0x00, 0x00,
  0x00, 0x00, 0x00, 0x00, 0x00, 0x00, 0x00, 0x00, 0x00, 0x00, 0x00, 0x00,
  0x00, 0x00, 0x00, 0x00, 0x00, 0x00, 0x00, 0x00, 0x00, 0x00, 0x19, 0x80,
  0x00, 0x00, 0x00, 0x00, 0xc0, 0x00, 0x01, 0xc0, 0x30, 0x06, 0x00, 0x0e,
  0xc0, 0x01, 0x00, 0x7e, 0x00, 0xe7, 0xe1, 0x80, 0x40, 0x00, 0x00, 0x00,
  0x00, 0x00, 0x00, 0x00, 0x00, 0x00, 0x00, 0x00, 0x00, 0x00, 0x00, 0x00,
  0x00, 0x00, 0x00, 0x00, 0x00, 0x00, 0x00, 0x00, 0x00, 0x00, 0x00, 0x00,
  0x00, 0x00, 0x00, 0x00, 0x00, 0x00, 0x00, 0x00, 0x00, 0x00, 0x00, 0x00,
  0x00, 0x00, 0x00, 0x00, 0x00, 0x00, 0x00, 0x00, 0x00, 0x00, 0x00, 0x00,
  0x00, 0x00, 0x00, 0x00, 0x00, 0x00, 0x00, 0x00, 0x00, 0x00, 0x00, 0x00,
  0x00, 0x00, 0x00, 0x00, 0x00, 0x00, 0x00, 0x00, 0x00, 0x00, 0x00, 0x00,
  0x00, 0x00, 0x00, 0x00, 0x00, 0x00, 0x00, 0x00, 0x00, 0x00, 0x00, 0x00,
  0x00, 0x00, 0x00, 0x00, 0x00, 0x00, 0x00, 0x00, 0x00, 0x00, 0x00, 0x00,
  0x00, 0x00, 0x00, 0x00, 0x00, 0x00, 0x00, 0x00, 0x00, 0x00, 0x00, 0x18,
  0x00, 0x01, 0x80, 0x00, 0x0e, 0x00, 0x1c, 0x00, 0x00, 0x00, 0x00, 0x00,
  0x00, 0x00, 0x00, 0x00, 0x00, 0x00, 0x00, 0x00, 0x00, 0x00, 0x00, 0x00,
  0x00, 0x00, 0x00, 0x00, 0x00, 0x00, 0x00, 0x00, 0x00, 0x00, 0x00, 0x00,
  0x00, 0x00, 0x00, 0x00, 0x00, 0x00, 0x00, 0x0e, 0xff, 0xff, 0xdf, 0xfb,
  0xf8, 0x77, 0x7f, 0xff, 0xe0, 0xdb, 0xff, 0xf8, 0x7f, 0x70, 0xff, 0x1f,
  0xfd, 0xc1, 0x9f, 0xff, 0xbe, 0x07, 0xfd, 0xfe, 0xc0, 0x00, 0x00, 0x00,
  0x00, 0x00, 0x00, 0x00, 0x00, 0x00, 0x00, 0x00, 0x00, 0x00, 0x00, 0x00,
  0x00, 0x00, 0x00, 0x00, 0x00, 0x00, 0x00, 0x00, 0x00, 0x00, 0x00, 0x00,
  0x00, 0x00, 0x00, 0x00, 0x00, 0x00, 0x00, 0x0f, 0xff, 0xff, 0xd9, 0xbf,
  0xf8, 0x7f, 0x6f, 0xff, 0xe0, 0x9b, 0xff, 0xf8, 0x7f, 0xf0, 0x6f, 0x1e,
  0xdd, 0xc1, 0xb1, 0x7f, 0xf7, 0x06, 0xff, 0xfe, 0x80, 0x00, 0x00, 0x00,
  0x00, 0x00, 0x00, 0x00, 0x00, 0x00, 0x00, 0x00, 0x00, 0x00, 0x00, 0x00,
  0x00, 0x00, 0x00, 0x00, 0x00, 0x00, 0x00, 0x00, 0x00, 0x00, 0x00, 0x00,
  0x00, 0x00, 0x00, 0x00, 0x00, 0x00, 0x00, 0x0f, 0xff, 0xff, 0xd9, 0xbf,
  0xf8, 0x7f, 0x6f, 0xff, 0xe1, 0x9f, 0xff, 0xf8, 0x7f, 0xf0, 0x6c, 0x1e,
  0xdd, 0xc1, 0xb1, 0x77, 0xe7, 0x06, 0xff, 0xff, 0x80, 0x00, 0x00, 0x00,
  0x00, 0x00, 0x00, 0x00, 0x00, 0x00, 0x00, 0x00, 0x00, 0x00, 0x00, 0x00,
  0x00, 0x00, 0x00, 0x00, 0x00, 0x00, 0x00, 0x00, 0x00, 0x00, 0x00, 0x00,
  0x00, 0x00, 0x00, 0x00, 0x00, 0x00, 0x00, 0x0e, 0xff, 0xfd, 0xff, 0xbb,
  0xf8, 0x77, 0xfb, 0xef, 0xe1, 0xdf, 0xff, 0xb8, 0x7f, 0x70, 0x6f, 0x1f,
  0xdd, 0xc1, 0xb3, 0x7f, 0xed, 0x06, 0xfb, 0xff, 0xc0, 0x00, 0x00, 0x00,
  0x00, 0x00, 0x00, 0x00, 0x00, 0x00, 0x00, 0x00, 0x00, 0x00, 0x00, 0x00,
  0x00, 0x00, 0x00, 0x00, 0x00, 0x00, 0x00, 0x00, 0x00, 0x00, 0x00, 0x00,
  0x00, 0x00, 0x00, 0x00, 0x00, 0x00, 0x00, 0x00, 0x00, 0x00, 0x19, 0x80,
  0x00, 0x60, 0x60, 0x00, 0x00, 0x80, 0x00, 0x00, 0x00, 0x30, 0xfe, 0x00,
  0xc0, 0x01, 0xb1, 0x60, 0x60, 0x0e, 0x00, 0x00, 0x80, 0x00, 0x00, 0x00,
  0x00, 0x00, 0x00, 0x00, 0x00, 0x00, 0x00, 0x00, 0x00, 0x00, 0x00, 0x00,
  0x00, 0x00, 0x00, 0x00, 0x00, 0x00, 0x00, 0x00, 0x00, 0x00, 0x00, 0x00,
  0x00, 0x00, 0x00, 0x00, 0x00, 0x00, 0x00, 0x00, 0x00, 0x00, 0x01, 0x80,
  0x00, 0x00, 0x00, 0x00, 0x00, 0x00, 0x00, 0x00, 0x00, 0x00, 0x00, 0x00,
  0xc0, 0x00, 0x01, 0x00, 0x00, 0x00, 0x00, 0x00, 0x00, 0x00, 0x00, 0x00,
  0x00, 0x00, 0x00, 0x00, 0x00, 0x00, 0x00, 0x00, 0x00, 0x00, 0x00, 0x00,
  0x00, 0x00, 0x00, 0x00, 0x00, 0x00, 0x00, 0x00, 0x00, 0x00, 0x00, 0x00,
  0x00, 0x00, 0x00, 0x00, 0x00, 0x00, 0x00, 0x00, 0x00, 0x00, 0x00, 0x00,
  0x00, 0x00, 0x00, 0x18, 0x00, 0x00, 0x00, 0x07, 0x00, 0x40, 0x00, 0x00,
  0x00, 0x00, 0x00, 0x00, 0x00, 0x00, 0x00, 0x00, 0x00, 0x00, 0x00, 0x00,
  0x00, 0x00, 0x00, 0x00, 0x00, 0x00, 0x00, 0x00, 0x00, 0x00, 0x00, 0x00,
  0x00, 0x00, 0x00, 0x00, 0x00, 0x00, 0x00, 0x00, 0x00, 0x00, 0x00, 0x00,
  0x00, 0x00, 0x00, 0x00, 0x00, 0x00, 0x00, 0x06, 0xff, 0xfc, 0xcd, 0xb3,
  0xb0, 0x5f, 0x37, 0xfe, 0x6c, 0x1f, 0xf1, 0x87, 0x3f, 0xf7, 0xce, 0x1e,
  0xf9, 0xc3, 0xfb, 0xbb, 0x83, 0x60, 0xce, 0x0f, 0xcd, 0xf9, 0xff, 0x78,
  0x00, 0x00, 0x00, 0x00, 0x00, 0x00, 0x00, 0x00, 0x00, 0x00, 0x0e, 0x00,
  0x00, 0x00, 0x00, 0x00, 0x00, 0x00, 0x00, 0x00, 0x00, 0x00, 0x00, 0x00,
  0x00, 0x00, 0x00, 0x00, 0x00, 0x00, 0x00, 0x0f, 0xff, 0xff, 0xdf, 0xf3,
  0xb0, 0x5f, 0x77, 0xfe, 0xfe, 0x3f, 0xf3, 0xc1, 0x7f, 0xff, 0xce, 0x1f,
  0xfb, 0xc3, 0xff, 0xff, 0x87, 0xf0, 0xde, 0x1f, 0xdf, 0xfd, 0xff, 0xf8,
  0x00, 0x00, 0x00, 0x00, 0x00, 0x00, 0x00, 0x00, 0x00, 0x00, 0x0f, 0x00,
  0x00, 0x00, 0x00, 0x00, 0x00, 0x00, 0x00, 0x00, 0x00, 0x00, 0x00, 0x00,
  0x00, 0x00, 0x00, 0x00, 0x00, 0x00, 0x00, 0x0d, 0xbf, 0xff, 0x1b, 0xf3,
  0x80, 0x7f, 0x66, 0x7a, 0xde, 0x3d, 0xb3, 0xc1, 0x7f, 0xdf, 0xce, 0x1f,
  0xfb, 0xc3, 0xef, 0xff, 0x86, 0xf0, 0xde, 0xff, 0xdb, 0xff, 0x17, 0xf8,
  0x00, 0x00, 0x01, 0xed, 0xbe, 0xfd, 0x80, 0x1f, 0x1e, 0xf3, 0x87, 0x0c,
  0x00, 0x00, 0x00, 0x00, 0x00, 0x00, 0x00, 0x00, 0x00, 0x00, 0x00, 0x00,
  0x00, 0x00, 0x00, 0x00, 0x00, 0x00, 0x00, 0x0f, 0xff, 0xff, 0xff, 0xff,
  0x80, 0x7f, 0x6f, 0xee, 0xde, 0x3f, 0xbf, 0xc3, 0x7f, 0xff, 0xfe, 0x1f,
  0xff, 0xc3, 0xff, 0xff, 0x8f, 0xf0, 0xfe, 0x1f, 0xff, 0xff, 0x37, 0xf8,
  0x00, 0x00, 0x01, 0xed, 0xbe, 0xfd, 0x80, 0x1f, 0x3f, 0xfb, 0x87, 0x0c,
  0x00, 0x00, 0x00, 0x00, 0x00, 0x00, 0x00, 0x00, 0x00, 0x00, 0x00, 0x00,
  0x00, 0x00, 0x00, 0x00, 0x00, 0x00, 0x00, 0x06, 0xfd, 0xdd, 0xfd, 0xbf,
  0x80, 0x7f, 0xef, 0xef, 0xcc, 0x37, 0xbf, 0x83, 0x7f, 0x76, 0xfe, 0x12,
  0xdf, 0xc3, 0xbf, 0xb3, 0x8f, 0x60, 0xfe, 0x0d, 0xfd, 0xbb, 0x33, 0x70,
  0x00, 0x00, 0x01, 0x8d, 0xbf, 0x31, 0x80, 0x0f, 0x39, 0xdb, 0x87, 0x80,
  0x00, 0x00, 0x00, 0x00, 0x00, 0x00, 0x00, 0x00, 0x00, 0x00, 0x00, 0x00,
  0x00, 0x00, 0x00, 0x00, 0x00, 0x00, 0x00, 0x00, 0x00, 0x00, 0x18, 0x00,
  0x00, 0x78, 0xe6, 0x61, 0xc0, 0x01, 0x80, 0x03, 0x00, 0x00, 0x00, 0x00,
  0x00, 0x00, 0x0d, 0x81, 0x86, 0x00, 0x00, 0x00, 0x18, 0x33, 0x10, 0x60,
  0x00, 0x00, 0x01, 0x8d, 0xbf, 0x31, 0x80, 0x1f, 0x39, 0x9b, 0x8f, 0x8c,
  0x00, 0x00, 0x00, 0x00, 0x00, 0x00, 0x00, 0x00, 0x00, 0x00, 0x00, 0x00,
  0x00, 0x00, 0x00, 0x00, 0x00, 0x00, 0x00, 0x00, 0x00, 0x00, 0x00, 0x00,
  0x00, 0x00, 0x00, 0x00, 0x00, 0x00, 0x00, 0x00, 0x00, 0x00, 0x00, 0x00,
  0x00, 0x00, 0x00, 0x00, 0x00, 0x00, 0x00, 0x00, 0x00, 0x00, 0x00, 0x00,
  0x00, 0x00, 0x07, 0xef, 0xbf, 0xf1, 0xf0, 0x1f, 0x7f, 0xfb, 0xed, 0x8c,
  0x00, 0x00, 0x00, 0x00, 0x00, 0x00, 0x00, 0x00, 0x00, 0x00, 0x00, 0x00,
  0x00, 0x00, 0x00, 0x00, 0x00, 0x00, 0x00, 0x0c, 0x00, 0x00, 0x00, 0x00,
  0x00, 0x07, 0x03, 0x00, 0x00, 0x39, 0x80, 0x00, 0x00, 0x00, 0x00, 0x00,
  0x00, 0x38, 0x00, 0x00, 0x60, 0x00, 0x00, 0x00, 0x00, 0x00, 0x00, 0x00,
  0x00, 0x00, 0x07, 0xef, 0xbe, 0xf1, 0xf0, 0x1f, 0x7e, 0xf3, 0xfd, 0xcc,
  0x00, 0x00, 0x00, 0x00, 0x00, 0x00, 0x00, 0x00, 0x00, 0x00, 0x00, 0x00,
  0x00, 0x00, 0x00, 0x00, 0x00, 0x00, 0x00, 0x0e, 0xff, 0x81, 0xfd, 0xff,
  0xa7, 0xf7, 0x0f, 0xfe, 0xfe, 0xd9, 0x83, 0x3f, 0xff, 0xff, 0x70, 0xef,
  0xfd, 0xf8, 0x13, 0xff, 0xb0, 0xff, 0xf1, 0xff, 0xdc, 0x00, 0x00, 0x00,
  0x00, 0x00, 0x01, 0x8c, 0x00, 0x30, 0x00, 0x00, 0x38, 0x00, 0x00, 0x00,
  0x00, 0x00, 0x00, 0x00, 0x00, 0x00, 0x00, 0x00, 0x00, 0x00, 0x00, 0x00,
  0x00, 0x00, 0x00, 0x00, 0x00, 0x00, 0x00, 0x0f, 0xff, 0x81, 0xfd, 0xbf,
  0xa3, 0x7f, 0x0f, 0xfe, 0xcc, 0x9d, 0x83, 0x7f, 0xb7, 0xff, 0x60, 0xec,
  0xdd, 0xdc, 0x13, 0x7f, 0x30, 0xff, 0xf1, 0xff, 0xd8, 0x00, 0x00, 0x00,
  0x00, 0x00, 0x01, 0x8c, 0x00, 0x30, 0x00, 0x00, 0x38, 0x00, 0x00, 0x00,
  0x00, 0x00, 0x00, 0x00, 0x00, 0x00, 0x00, 0x00, 0x00, 0x00, 0x00, 0x00,
  0x00, 0x00, 0x00, 0x00, 0x00, 0x00, 0x00, 0x0f, 0xff, 0xe1, 0xfd, 0xbf,
  0xbb, 0x7f, 0x0f, 0xee, 0xcc, 0x9c, 0x03, 0xff, 0xb7, 0xff, 0x60, 0xec,
  0xdd, 0xfc, 0x13, 0x7f, 0x00, 0xff, 0xf1, 0xff, 0xd8, 0x00, 0x00, 0x00,
  0x00, 0x00, 0x00, 0x00, 0x00, 0x30, 0x00, 0x00, 0x00, 0x00, 0x00, 0x00,
  0x00, 0x00, 0x00, 0x00, 0x00, 0x00, 0x00, 0x00, 0x00, 0x00, 0x00, 0x00,
  0x00, 0x00, 0x00, 0x00, 0x00, 0x00, 0x00, 0x0e, 0xff, 0xe1, 0xfd, 0xbf,
  0xbf, 0x77, 0x0f, 0xee, 0xdd, 0xf4, 0x03, 0xff, 0xf7, 0xff, 0x60, 0xff,
  0xdd, 0xfc, 0x3f, 0x7f, 0x80, 0xff, 0xf1, 0xff, 0xfc, 0x00, 0x00, 0x00,
  0x00, 0x00, 0x00, 0x00, 0x00, 0x00, 0x00, 0x00, 0x00, 0x00, 0x00, 0x00,
  0x00, 0x00, 0x00, 0x00, 0x00, 0x00, 0x00, 0x00, 0x00, 0x00, 0x00, 0x00,
  0x00, 0x00, 0x00, 0x00, 0x00, 0x00, 0x00, 0x00, 0x00, 0x00, 0x03, 0x8c,
  0x03, 0x00, 0x00, 0x01, 0xcd, 0x80, 0x00, 0x00, 0x31, 0x80, 0xe0, 0x0c,
  0xc1, 0x00, 0x1f, 0x00, 0x00, 0x00, 0x31, 0x80, 0x18, 0x00, 0x00, 0x00,
  0x00, 0x00, 0x00, 0x00, 0x00, 0x00, 0x00, 0x1f, 0x00, 0x00, 0x00, 0x00,
  0x00, 0x00, 0x00, 0x00, 0x00, 0x00, 0x00, 0x00, 0x00, 0x00, 0x00, 0x00,
  0x00, 0x00, 0x00, 0x00, 0x00, 0x00, 0x00, 0x00, 0x00, 0x00, 0x00, 0x00,
  0x03, 0x00, 0x00, 0x00, 0x0c, 0x00, 0x00, 0x00, 0x30, 0x00, 0x00, 0x00,
  0xc0, 0x00, 0x00, 0x00, 0x00, 0x00, 0x00, 0x00, 0x00, 0x00, 0x00, 0x00,
  0x00, 0x00, 0x00, 0x00, 0x00, 0x00, 0x00, 0x1f, 0x00, 0x00, 0x00, 0x00,
  0x00, 0x00, 0x00, 0x00, 0x00, 0x00, 0x00, 0x00, 0x00, 0x00, 0x00, 0x00,
  0x00, 0x00, 0x00, 0x00, 0x00, 0x00, 0x00, 0x00, 0x00, 0x00, 0x00, 0x00,
  0x00, 0x00, 0x00, 0x00, 0x00, 0x00, 0x00, 0x00, 0x00, 0x00, 0x00, 0x00,
  0x03, 0x80, 0x00, 0x00, 0x00, 0x00, 0x00, 0x01, 0x80, 0x00, 0x00, 0x00,
  0x00, 0xe0, 0x01, 0x8f, 0x18, 0x01, 0xf7, 0x1f, 0x3f, 0xf9, 0xe0, 0x3f,
  0x79, 0xe7, 0xff, 0x1e, 0xfb, 0x67, 0x9f, 0x01, 0xf7, 0xef, 0x80, 0xfb,
  0xf7, 0xdc, 0x3c, 0xf8, 0x00, 0x00, 0x00, 0x0f, 0xec, 0xfd, 0xd0, 0x3b,
  0xb7, 0xb7, 0x66, 0x0d, 0xee, 0x1d, 0xbf, 0x38, 0x7f, 0xf0, 0x77, 0xef,
  0x8f, 0x83, 0xff, 0xb8, 0x77, 0x3f, 0xec, 0xee, 0xc1, 0xff, 0xff, 0xfb,
  0xff, 0xf0, 0x01, 0x8f, 0x98, 0x03, 0xf7, 0x1f, 0x7f, 0xf9, 0xe0, 0x3f,
  0xfd, 0xf7, 0xff, 0x1f, 0xfb, 0x6f, 0xff, 0x01, 0xff, 0xff, 0x80, 0xfb,
  0xff, 0xdc, 0x7d, 0xf8, 0x00, 0x00, 0x00, 0x0f, 0xfe, 0xff, 0xd0, 0x3f,
  0xb7, 0xff, 0x66, 0x0d, 0xfe, 0x1f, 0xff, 0x78, 0x7f, 0xf0, 0xff, 0xff,
  0x8f, 0xc3, 0xff, 0xf8, 0x7f, 0x7f, 0xfd, 0xfe, 0xc3, 0xff, 0xff, 0xfb,
  0xff, 0xf0, 0x01, 0x9d, 0x98, 0x03, 0xf7, 0x1b, 0x7f, 0xf9, 0x80, 0x37,
  0x3c, 0xf1, 0x87, 0x99, 0xdb, 0x6e, 0xff, 0x01, 0xb7, 0xff, 0x80, 0x7b,
  0xff, 0xdc, 0x7f, 0xb8, 0x00, 0x00, 0x00, 0x0f, 0xfe, 0xdf, 0xd8, 0x2f,
  0xfb, 0x6f, 0x20, 0x0d, 0xfe, 0x17, 0xff, 0x78, 0x7f, 0xf0, 0xcd, 0xff,
  0x99, 0xc3, 0xff, 0xff, 0x7d, 0x6f, 0xfd, 0xfe, 0x03, 0xdb, 0x97, 0xb2,
  0x2f, 0xf0, 0x01, 0x9d, 0x98, 0x03, 0xf7, 0x1b, 0x7f, 0xf9, 0x80, 0x3f,
  0x7d, 0xf1, 0x9f, 0x19, 0xfb, 0x6e, 0x3f, 0x01, 0xf7, 0xfb, 0x80, 0xfb,
  0xff, 0xdc, 0x7f, 0xb8, 0x00, 0x00, 0x00, 0x0f, 0xff, 0xff, 0xdc, 0x3f,
  0xff, 0x7f, 0x60, 0x0d, 0xfe, 0x1f, 0xff, 0xf8, 0x7f, 0xf0, 0xfd, 0xff,
  0xfb, 0xc3, 0xff, 0xf8, 0x7f, 0x6f, 0xff, 0xfe, 0x03, 0xff, 0xb7, 0xf7,
  0x6f, 0xf0, 0x07, 0xff, 0x9f, 0x03, 0xf7, 0xdf, 0x7f, 0xff, 0xe0, 0x3f,
  0xf9, 0xf7, 0x9f, 0x7e, 0xfb, 0xef, 0xff, 0x01, 0xf7, 0xff, 0x80, 0xfb,
  0xf7, 0xdf, 0x7f, 0xf8, 0x00, 0x00, 0x00, 0x0e, 0xed, 0xfd, 0xdc, 0x3f,
  0xff, 0x37, 0x60, 0x1f, 0xcc, 0x1d, 0xbb, 0xb8, 0x4f, 0x70, 0x6c, 0xed,
  0xfb, 0x43, 0xbb, 0xb8, 0x77, 0xe7, 0x6e, 0xce, 0x01, 0xbf, 0xb7, 0x77,
  0x6e, 0x70, 0x07, 0xef, 0x9f, 0x03, 0xf7, 0xdf, 0x7f, 0xff, 0xe0, 0x3f,
  0x79, 0xf7, 0x9f, 0x7e, 0xfb, 0xe7, 0xff, 0x01, 0xf7, 0xdf, 0x80, 0xfb,
  0xe7, 0xdf, 0x7d, 0xf8, 0x00, 0x00, 0x00, 0x00, 0x00, 0xd8, 0x00, 0x0c,
  0x03, 0x00, 0x60, 0x1f, 0x80, 0x10, 0x00, 0x18, 0x00, 0x00, 0x0c, 0x00,
  0x18, 0x03, 0x00, 0x18, 0x00, 0xe3, 0x00, 0x06, 0x00, 0x03, 0x16, 0x32,
  0x20, 0x00, 0x01, 0x87, 0x06, 0x00, 0x00, 0xcc, 0x38, 0x31, 0x80, 0x1c,
  0x38, 0xe0, 0x0f, 0x18, 0x70, 0xc3, 0x8e, 0x00, 0xe1, 0xcf, 0x80, 0x7b,
  0xe7, 0x83, 0x38, 0xf8, 0x00, 0x00, 0x00, 0x00, 0x00, 0x00, 0x00, 0x00,
  0x00, 0x00, 0x00, 0x00, 0x00, 0x00, 0x00, 0x00, 0x00, 0x00, 0x00, 0x00,
  0x00, 0x00, 0x00, 0x00, 0x00, 0x00, 0x00, 0x00, 0x00, 0x00, 0x00, 0x00,
  0x00, 0x00, 0x01, 0xe0, 0x00, 0x00, 0x00, 0x00, 0x00, 0x01, 0x80, 0x00,
  0x00, 0x01, 0x80, 0x18, 0x00, 0x00, 0x00, 0x00, 0x00, 0x01, 0x80, 0x03,
  0x80, 0x00, 0x00, 0x38, 0x00, 0x00, 0x00, 0x00, 0x00, 0x00, 0x00, 0x00,
  0x00, 0x00, 0x00, 0x00, 0x00, 0x00, 0x00, 0x00, 0x00, 0x00, 0x00, 0x01,
  0xe0, 0x0b, 0x00, 0x00, 0x00, 0xe0, 0x00, 0x00, 0x00, 0x00, 0x00, 0x00,
  0x00, 0x00, 0x00, 0xe0, 0x00, 0x00, 0x00, 0x00, 0x00, 0x00, 0x00, 0x00,
  0x00, 0x01, 0x80, 0x00, 0x00, 0x00, 0x00, 0x00, 0x00, 0x01, 0x80, 0x03,
  0x00, 0x00, 0x00, 0x38, 0x00, 0x00, 0x00, 0x0f, 0xff, 0xfd, 0xbf, 0xc3,
  0xa0, 0x77, 0x4f, 0x6f, 0xff, 0xe3, 0xd9, 0x07, 0xf8, 0xff, 0xcf, 0xff,
  0xfc, 0x1b, 0xfb, 0xff, 0xf7, 0x60, 0xcf, 0xff, 0xdf, 0xc1, 0x37, 0xf8,
  0x00, 0x00, 0x00, 0x00, 0x00, 0x00, 0x00, 0x00, 0x00, 0x00, 0x00, 0x00,
  0x00, 0x00, 0x00, 0x00, 0x00, 0x00, 0x00, 0x00, 0x00, 0x00, 0x00, 0x00,
  0x00, 0x00, 0x00, 0x00, 0x00, 0x00, 0x00, 0x0f, 0xff, 0xfd, 0xbf, 0xc7,
  0xa0, 0x77, 0x4f, 0xcf, 0xff, 0xff, 0xd9, 0x03, 0x78, 0xff, 0xce, 0x5f,
  0xfc, 0x1b, 0xff, 0xfb, 0x7e, 0x70, 0xdf, 0xff, 0xff, 0xc1, 0x37, 0xf8,
  0x00, 0x00, 0x00, 0x00, 0x00, 0x00, 0x00, 0x00, 0x00, 0x00, 0x00, 0x00,
  0x00, 0x00, 0x00, 0x00, 0x00, 0x00, 0x00, 0x00, 0x00, 0x00, 0x00, 0x00,
  0x00, 0x00, 0x00, 0x00, 0x00, 0x00, 0x00, 0x0f, 0xff, 0xfd, 0xff, 0xc7,
  0xb8, 0x77, 0x7f, 0x4f, 0xff, 0xff, 0xd9, 0x03, 0x60, 0xff, 0xfe, 0x5f,
  0xfc, 0x1b, 0xff, 0xfb, 0x7e, 0xf0, 0xff, 0xff, 0xff, 0xc1, 0x3f, 0xf8,
  0x00, 0x00, 0x00, 0xc0, 0x00, 0x00, 0x00, 0x00, 0x00, 0x00, 0x00, 0x00,
  0x00, 0x00, 0x00, 0x00, 0x00, 0x00, 0x1c, 0x30, 0x00, 0x00, 0x00, 0x00,
  0x00, 0x00, 0x00, 0x00, 0x00, 0x00, 0x00, 0x0e, 0xff, 0xfd, 0xff, 0xc3,
  0xb8, 0x77, 0x7f, 0xef, 0xff, 0xe3, 0xff, 0xc3, 0x78, 0xff, 0xff, 0xdf,
  0xfc, 0x1b, 0xfb, 0xff, 0x76, 0xf0, 0xff, 0xff, 0xff, 0xc3, 0xff, 0xf8,
  0x00, 0x00, 0x01, 0xcd, 0x9c, 0x3c, 0x01, 0xdb, 0x1c, 0x01, 0xc7, 0x3f,
  0x3d, 0xc3, 0x87, 0x8e, 0x71, 0x87, 0x0c, 0x30, 0x03, 0x07, 0x3e, 0x3b,
  0xf3, 0x8f, 0x00, 0xe3, 0xe3, 0x80, 0x00, 0x00, 0x80, 0x00, 0x00, 0xc0,
  0x00, 0x00, 0x00, 0xc1, 0x80, 0x60, 0x1d, 0x87, 0xf8, 0x00, 0x0c, 0x40,
  0x00, 0x18, 0x00, 0x03, 0x6e, 0x00, 0x00, 0x00, 0x00, 0xc1, 0x80, 0x00,
  0x00, 0x00, 0x01, 0x8d, 0xbe, 0x7c, 0x07, 0xdb, 0xbe, 0x03, 0xef, 0xbf,
  0x3d, 0xc7, 0xcf, 0x9e, 0xf9, 0x8f, 0x8c, 0x38, 0x03, 0x0f, 0xfe, 0xfb,
  0xff, 0xdf, 0x01, 0xf7, 0xe7, 0x80, 0x00, 0x00, 0x00, 0x00, 0x00, 0x00,
  0x00, 0x00, 0x00, 0x00, 0x00, 0x00, 0x00, 0x00, 0x00, 0x00, 0x00, 0x40,
  0x00, 0x00, 0x00, 0x03, 0x00, 0x00, 0x00, 0x00, 0x00, 0x00, 0x00, 0x00,
  0x00, 0x00, 0x01, 0x8d, 0xbf, 0x70, 0x07, 0xdf, 0xfe, 0x03, 0xef, 0xff,
  0x31, 0xc7, 0xee, 0x19, 0xd9, 0x8d, 0xce, 0x38, 0x03, 0x1d, 0xf6, 0xfb,
  0xfe, 0xff, 0x01, 0xff, 0xe6, 0x00, 0x00, 0x00, 0x00, 0x00, 0x00, 0x00,
  0x00, 0x00, 0x00, 0x00, 0x00, 0x00, 0x30, 0x00, 0x00, 0x00, 0x00, 0x00,
  0x00, 0x03, 0x00, 0x00, 0x00, 0x00, 0x00, 0x00, 0x00, 0x00, 0x00, 0x00,
  0xe0, 0x00, 0x03, 0x8d, 0xb7, 0x70, 0x06, 0x1f, 0xf0, 0x03, 0x0d, 0xff,
  0x31, 0xc6, 0xee, 0x39, 0xf9, 0x8f, 0x8e, 0x00, 0x03, 0x1f, 0xfe, 0xc3,
  0xff, 0xfb, 0x01, 0xbf, 0xe6, 0x00, 0x00, 0x06, 0xee, 0x0c, 0xfd, 0xf9,
  0xb0, 0x27, 0x70, 0x67, 0xed, 0xcc, 0x3b, 0x3b, 0x37, 0x37, 0x70, 0xe0,
  0xfd, 0xcf, 0x82, 0x3f, 0x07, 0xf7, 0xe0, 0xec, 0xff, 0x9f, 0x3b, 0xb3,
  0xe0, 0x00, 0x03, 0x8d, 0xb7, 0x70, 0x06, 0x1f, 0xf0, 0x03, 0x2d, 0xff,
  0x31, 0xd6, 0xee, 0x39, 0xf9, 0x9f, 0x0e, 0x00, 0x03, 0xbf, 0xbe, 0xeb,
  0xff, 0xff, 0x01, 0xbf, 0xe6, 0x00, 0x00, 0x06, 0xfe, 0x1d, 0xff, 0xfb,
  0xb0, 0x37, 0xf0, 0xef, 0xff, 0xdc, 0x3f, 0x7f, 0xff, 0x7f, 0xf1, 0xe1,
  0xfd, 0xdd, 0x82, 0x7f, 0x8f, 0xf7, 0xe1, 0xff, 0xff, 0xff, 0x7b, 0xff,
  0xf0, 0x00, 0x01, 0x8f, 0xbe, 0xfc, 0x06, 0x1f, 0xf0, 0x03, 0xef, 0xbe,
  0xfd, 0xf7, 0xce, 0x38, 0xf9, 0xff, 0x8e, 0x00, 0x03, 0xff, 0xbe, 0xfb,
  0xef, 0xff, 0x01, 0xff, 0xff, 0x80, 0x00, 0x04, 0xfe, 0x19, 0x9b, 0xfb,
  0x00, 0x37, 0xf0, 0xcc, 0xdf, 0xd8, 0x3f, 0x7f, 0xff, 0x6f, 0xf1, 0xe1,
  0xfd, 0xdb, 0xc3, 0xe7, 0x8f, 0x66, 0xe1, 0xff, 0x8b, 0xff, 0x7b, 0x7e,
  0x70, 0x00, 0x01, 0x8f, 0x1c, 0xfc, 0x07, 0x5f, 0xf6, 0x01, 0xe7, 0x3e,
  0xfd, 0xf3, 0x8e, 0x38, 0xf1, 0xf7, 0x8c, 0x00, 0x03, 0xef, 0x3c, 0x7b,
  0xe7, 0x9f, 0x00, 0xf7, 0xff, 0x80, 0x00, 0x0e, 0xfe, 0x1d, 0xbb, 0xff,
  0x80, 0x37, 0xf0, 0xed, 0xdf, 0xfc, 0x3f, 0xff, 0xff, 0xff, 0xf0, 0xe1,
  0xfd, 0xff, 0xc3, 0xe7, 0x8f, 0xef, 0xe1, 0xff, 0x9b, 0xff, 0xff, 0xfe,
  0xf0, 0x00, 0x01, 0xc0, 0x00, 0x70, 0x07, 0xdf, 0xbe, 0x00, 0x00, 0x00,
  0x30, 0x00, 0x1e, 0x78, 0x00, 0x00, 0x1c, 0x00, 0x00, 0x00, 0x00, 0x03,
  0x80, 0x03, 0x00, 0x00, 0x06, 0x00, 0x00, 0x0e, 0xec, 0x0f, 0xb9, 0xbf,
  0x80, 0x7f, 0x60, 0x7c, 0xcd, 0xfc, 0x3b, 0xfb, 0xb7, 0xf6, 0xf0, 0xe0,
  0xfd, 0xff, 0xc3, 0xff, 0x8d, 0xef, 0xe0, 0xed, 0x9b, 0xdb, 0xff, 0xb6,
  0xd0, 0x00, 0x00, 0xc0, 0x00, 0x00, 0x03, 0xdb, 0x1e, 0x00, 0x00, 0x00,
  0x00, 0x00, 0x1e, 0x78, 0x00, 0x00, 0x18, 0x00, 0x00, 0x00, 0x00, 0x03,
  0x80, 0x03, 0x00, 0x00, 0x00, 0x00, 0x00, 0x04, 0x80, 0x03, 0x98, 0x03,
  0x00, 0x7c, 0x00, 0x1c, 0xc0, 0x18, 0x00, 0x00, 0x00, 0x60, 0x30, 0x00,
  0x60, 0x18, 0x03, 0xbf, 0x00, 0x66, 0xc0, 0x61, 0x8b, 0x00, 0x03, 0x06,
  0x00, 0x00, 0x00, 0x00, 0x00, 0x00, 0x00, 0x00, 0x00, 0x00, 0x00, 0x00,
  0x00, 0x00, 0x00, 0x00, 0x00, 0x00, 0x00, 0x00, 0x00, 0x00, 0x00, 0x00,
  0x00, 0x00, 0x00, 0x00, 0x00, 0x00, 0x00, 0x00, 0x00, 0x00, 0x00, 0x00,
  0x00, 0x00, 0x00, 0x00, 0x00, 0x00, 0x00, 0x00, 0x00, 0x00, 0x00, 0x00,
  0x00, 0x00, 0x00, 0x00, 0x00, 0x00, 0x00, 0x00, 0x00, 0x00, 0x00, 0x00,
  0x00, 0x00, 0x00, 0x0c, 0x00, 0x00, 0x00, 0x00, 0x00, 0x00, 0x00, 0x1c,
  0x00, 0x00, 0x00, 0x00, 0x03, 0xc0, 0x00, 0x00, 0x00, 0x0f, 0x00, 0x00,
  0x70, 0x00, 0x60, 0x00, 0x00, 0x00, 0x00, 0x01, 0x80, 0x00, 0x00, 0x00,
  0x00, 0x00, 0x60, 0x00, 0x00, 0x00, 0x00, 0x00, 0x00, 0x00, 0x00, 0x00,
  0x00, 0x00, 0x00, 0x00, 0x00, 0x00, 0x00, 0x00, 0x13, 0x00, 0x00, 0x00,
  0xe0, 0x00, 0x00, 0x0c, 0x00, 0x00, 0x00, 0x00, 0x00, 0x00, 0x00, 0x3e,
  0x00, 0x00, 0x00, 0x00, 0x03, 0xe0, 0x00, 0x00, 0x00, 0x0f, 0x80, 0x00,
  0x70, 0x00, 0x60, 0x00, 0x00, 0x00, 0x00, 0x0e, 0xff, 0xff, 0xbf, 0xff,
  0xff, 0xf7, 0x60, 0xec, 0x1e, 0xdb, 0xfd, 0xba, 0x7f, 0x87, 0xfe, 0xff,
  0xff, 0xdc, 0x33, 0xb7, 0xe7, 0xff, 0xfe, 0x1f, 0xdf, 0xdf, 0xff, 0x87,
  0x60, 0x00, 0x00, 0x0c, 0x00, 0x00, 0x00, 0x00, 0x00, 0x00, 0x00, 0x37,
  0x00, 0x00, 0x00, 0x00, 0x03, 0xe0, 0x00, 0x00, 0x00, 0x0b, 0x80, 0x00,
  0x70, 0x00, 0x60, 0x00, 0x00, 0x00, 0x00, 0x0f, 0xff, 0xed, 0x9b, 0xff,
  0x37, 0xf7, 0x60, 0xfc, 0x1e, 0x9b, 0xfd, 0x3a, 0x7f, 0x86, 0xfe, 0xfe,
  0xdf, 0xd8, 0x37, 0xb7, 0xef, 0xff, 0xfe, 0x1f, 0xdf, 0xd9, 0xff, 0x87,
  0xf0, 0x00, 0x03, 0xef, 0xbe, 0x7f, 0xff, 0xcf, 0x7f, 0xfb, 0xfd, 0xbf,
  0x01, 0xfe, 0xc0, 0x3e, 0xdb, 0xe6, 0x3f, 0x39, 0xff, 0xef, 0x80, 0xfb,
  0xf7, 0xdf, 0xfd, 0xfb, 0xed, 0x9e, 0x00, 0x0e, 0xff, 0xed, 0x9b, 0xff,
  0x37, 0xf7, 0x00, 0xfe, 0x1c, 0x9f, 0xfd, 0x3b, 0xff, 0x86, 0xfe, 0xfe,
  0xdd, 0xd8, 0x3f, 0xb7, 0xff, 0xff, 0xfe, 0x1d, 0xdf, 0xd9, 0xff, 0x87,
  0xf0, 0x00, 0x07, 0xef, 0xbe, 0xff, 0xff, 0xcf, 0x7f, 0xfb, 0xfd, 0xbf,
  0x01, 0xf6, 0xc0, 0x7e, 0xdb, 0xe6, 0x3f, 0x79, 0xff, 0xff, 0x80, 0xfb,
  0xff, 0xdf, 0x7f, 0xff, 0xed, 0x9e, 0x00, 0x0f, 0xff, 0xfd, 0xfb, 0xff,
  0xf7, 0xf7, 0x00, 0xee, 0x1d, 0xdf, 0xff, 0xbb, 0xff, 0x8f, 0xfe, 0xff,
  0xdd, 0xd8, 0x3f, 0xff, 0xff, 0xff, 0xee, 0x1d, 0xff, 0xdb, 0xbf, 0x87,
  0xd0, 0x00, 0x03, 0xed, 0xbf, 0xe0, 0xcf, 0xcc, 0x18, 0xe1, 0xcd, 0xb7,
  0x00, 0xe6, 0xc0, 0x7e, 0xdb, 0x66, 0x3f, 0x7c, 0x67, 0xfb, 0x80, 0xff,
  0x7f, 0xce, 0x6f, 0xff, 0xed, 0x98, 0x00, 0x00, 0x00, 0x0d, 0xd8, 0x03,
  0x30, 0x00, 0x00, 0x00, 0x00, 0x80, 0x01, 0x00, 0x01, 0x86, 0x00, 0x80,
  0xc0, 0x38, 0x00, 0x38, 0x00, 0x00, 0x00, 0x00, 0x00, 0x39, 0x81, 0x86,
  0x00, 0x00, 0x07, 0xcd, 0xbf, 0xe0, 0xc7, 0xcc, 0x18, 0x71, 0xcd, 0xb7,
  0x00, 0xe6, 0xc0, 0x7e, 0xdb, 0x66, 0x3f, 0x7c, 0x67, 0xff, 0x80, 0xff,
  0x7f, 0xce, 0x6f, 0xff, 0xed, 0x98, 0x00, 0x00, 0x00, 0x0c, 0x18, 0x00,
  0x30, 0x00, 0x00, 0x00, 0x00, 0x00, 0x00, 0x00, 0x00, 0x00, 0x00, 0x00,
  0xc0, 0x00, 0x00, 0x00, 0x00, 0x00, 0x00, 0x00, 0x00, 0x01, 0x80, 0x00,
  0x00, 0x00, 0x07, 0xcf, 0xbe, 0xfd, 0xc7, 0xcc, 0x79, 0xfb, 0xcf, 0xbf,
  0x01, 0xe7, 0xc0, 0x7e, 0xfb, 0xe7, 0xdf, 0xed, 0xe7, 0xff, 0x80, 0xfb,
  0xff, 0xde, 0x7d, 0xff, 0xef, 0xbe, 0x00, 0x00, 0x06, 0x00, 0x00, 0x00,
  0x00, 0x60, 0x00, 0x00, 0x00, 0x00, 0x00, 0x00, 0x00, 0x00, 0x00, 0x00,
  0x00, 0x00, 0x00, 0x00, 0x60, 0x00, 0x00, 0x00, 0x00, 0x00, 0x00, 0x00,
  0x00, 0x00, 0x03, 0xcf, 0xbe, 0x7d, 0xc7, 0xcc, 0x79, 0xfb, 0xcf, 0x9f,
  0x01, 0xe7, 0xc0, 0x3c, 0xfb, 0xe7, 0xde, 0xed, 0xe7, 0xcf, 0x80, 0xfb,
  0xff, 0xde, 0x7d, 0xfb, 0xcf, 0xbe, 0x00, 0x0c, 0xee, 0xff, 0x9f, 0xfb,
  0xbf, 0x30, 0xff, 0x6e, 0x1e, 0xc1, 0x99, 0x3b, 0xff, 0xb0, 0xfe, 0xef,
  0xed, 0xdf, 0xdb, 0xf7, 0xf0, 0x66, 0xde, 0xee, 0x00, 0x00, 0x00, 0x00,
  0x00, 0x00, 0x00, 0x00, 0x00, 0x00, 0xc0, 0x3c, 0x18, 0x01, 0xc0, 0x00,
  0x00, 0xe0, 0x00, 0x00, 0x00, 0x00, 0x00, 0x00, 0x60, 0x00, 0x00, 0x00,
  0x00, 0x0e, 0x00, 0x00, 0x00, 0x18, 0x00, 0x0d, 0xff, 0xff, 0xbf, 0xff,
  0xbf, 0xb0, 0xff, 0x6e, 0x1f, 0xe3, 0xd9, 0x7f, 0xff, 0xf0, 0xff, 0xff,
  0xff, 0xdf, 0xdf, 0xff, 0xb0, 0x6f, 0xdf, 0xee, 0x00, 0x00, 0x00, 0x00,
  0x00, 0x00, 0x00, 0x00, 0x00, 0x00, 0xc0, 0x1c, 0x18, 0x01, 0xc0, 0x00,
  0x00, 0xe0, 0x00, 0x00, 0x00, 0x00, 0x00, 0x00, 0x60, 0x00, 0x00, 0x00,
  0x00, 0x0e, 0x00, 0x00, 0x00, 0x00, 0x00, 0x0d, 0xff, 0xed, 0xbf, 0xff,
  0xb7, 0x80, 0xf6, 0x4e, 0x1f, 0x63, 0xd9, 0x16, 0x37, 0xe0, 0xfb, 0x9f,
  0xff, 0xdb, 0xd1, 0x7f, 0x80, 0x6f, 0xdf, 0xec, 0x00, 0x00, 0x00, 0x00,
  0x00, 0x00, 0x00, 0x00, 0x00, 0x00, 0xc0, 0x00, 0x18, 0x01, 0xc0, 0x00,
  0x00, 0xe0, 0x00, 0x00, 0x00, 0x00, 0x00, 0x00, 0x60, 0x00, 0x00, 0x00,
  0x00, 0x0e, 0x00, 0x00, 0x00, 0x00, 0x00, 0x0f, 0xff, 0xfd, 0xff, 0xff,
  0xff, 0x00, 0xfe, 0xee, 0x1f, 0xe3, 0xff, 0xf7, 0xf7, 0xe0, 0xff, 0xff,
  0xff, 0xff, 0xfb, 0x7f, 0x80, 0xff, 0xff, 0xec, 0x00, 0x00, 0x00, 0x00,
  0x00, 0x00, 0x00, 0x00, 0x00, 0x00, 0x00, 0x00, 0x00, 0x00, 0x00, 0x00,
  0x00, 0x00, 0x00, 0x00, 0x00, 0x00, 0x00, 0x00, 0x00, 0x00, 0x00, 0x00,
  0x00, 0x00, 0x00, 0x00, 0x00, 0x00, 0x00, 0x0e, 0xef, 0xfd, 0xdb, 0xdb,
  0xfb, 0x00, 0x9e, 0xee, 0x1c, 0xc1, 0xbf, 0xf3, 0xf7, 0xe0, 0x7e, 0x7f,
  0xfd, 0xff, 0xbb, 0x37, 0x00, 0xf6, 0xfe, 0xdc, 0x00, 0x00, 0x00, 0x00,
  0x00, 0x00, 0x00, 0x00, 0x00, 0x00, 0x00, 0x00, 0x00, 0x00, 0x06, 0x00,
  0x00, 0x00, 0x00, 0x00, 0x00, 0x00, 0x00, 0x60, 0x00, 0x00, 0x00, 0x00,
  0x00, 0x00, 0x00, 0x00, 0x00, 0x00, 0x00, 0x00, 0x00, 0x0c, 0x00, 0x00,
  0x30, 0x00, 0x06, 0x48, 0x00, 0x00, 0x1d, 0xd0, 0x30, 0xe0, 0x30, 0x00,
  0x00, 0x18, 0x11, 0x00, 0x00, 0x70, 0x00, 0x1c, 0x00, 0x00, 0x00, 0x00,
  0x00, 0x00, 0x00, 0x00, 0x00, 0x00, 0x00, 0x00, 0x00, 0x00, 0x06, 0x00,
  0x00, 0x00, 0x00, 0x00, 0x00, 0x00, 0x00, 0x60, 0x00, 0x00, 0x00, 0x00,
  0x00, 0x00, 0x00, 0x00, 0x00, 0x00, 0x00, 0x00, 0x00, 0x00, 0x00, 0x00,
  0x00, 0x00, 0x00, 0x00, 0x00, 0x00, 0x00, 0x00, 0x00, 0x00, 0x00, 0x00,
  0x00, 0x00, 0x00, 0x00, 0x00, 0x00, 0x00, 0x00, 0x00, 0x00, 0x00, 0x00,
  0x00, 0x00, 0x01, 0x8d, 0xbe, 0x01, 0xf3, 0xdf, 0xbf, 0xf9, 0xe7, 0x00,
  0xfd, 0xb0, 0x00, 0x3e, 0xd9, 0xe6, 0x1f, 0x7c, 0xc3, 0xff, 0xbe, 0xf9,
  0x80, 0x00, 0x00, 0x00, 0x00, 0x00, 0x00, 0x00, 0x00, 0x00, 0x30, 0x00,
  0x00, 0x60, 0x00, 0x00, 0x00, 0x00, 0x00, 0x00, 0x00, 0x00, 0x00, 0x01,
  0xc0, 0x00, 0x00, 0x06, 0x00, 0x00, 0x00, 0x00, 0x00, 0x00, 0x00, 0x00,
  0x00, 0x00, 0x01, 0x8d, 0xbe, 0x01, 0xf3, 0xdf, 0xff, 0xf9, 0xe7, 0x00,
  0xfd, 0xb0, 0x00, 0x7e, 0xd9, 0xe6, 0x3f, 0x7c, 0xc7, 0xff, 0xfe, 0xf9,
  0x80, 0x00, 0x00, 0x00, 0x00, 0x00, 0x00, 0x0e, 0xed, 0xef, 0xff, 0xff,
  0xb8, 0x76, 0xff, 0xff, 0xff, 0xe3, 0xff, 0xfa, 0x07, 0x76, 0xfc, 0xee,
  0xc1, 0xff, 0xff, 0x7f, 0xff, 0xf6, 0xff, 0xe0, 0x00, 0x00, 0x00, 0x00,
  0x00, 0x00, 0x01, 0x8d, 0xbf, 0x03, 0x83, 0x06, 0x7f, 0xf9, 0x80, 0x00,
  0xed, 0xb0, 0x00, 0x7e, 0xd9, 0x86, 0x3f, 0x6c, 0xc7, 0xff, 0xfe, 0xd9,
  0x80, 0x00, 0x00, 0x00, 0x00, 0x00, 0x00, 0x0f, 0xef, 0xff, 0xff, 0xff,
  0xb0, 0x7e, 0xff, 0xff, 0xff, 0xe3, 0xff, 0xfa, 0x07, 0xf7, 0xfd, 0xed,
  0xc1, 0xff, 0xff, 0x7f, 0xff, 0x66, 0x7f, 0xe0, 0x00, 0x00, 0x00, 0x00,
  0x00, 0x00, 0x01, 0x8d, 0xbf, 0x03, 0x83, 0x06, 0x7f, 0xf9, 0x80, 0x00,
  0xfd, 0xb0, 0x00, 0x7e, 0xd9, 0x86, 0x3f, 0x6c, 0xc7, 0xff, 0xfe, 0xd9,
  0x80, 0x00, 0x00, 0x00, 0x00, 0x00, 0x00, 0x0f, 0xff, 0xfb, 0xff, 0xff,
  0xb0, 0x7f, 0xff, 0xff, 0xff, 0xe3, 0xff, 0xfb, 0x87, 0xff, 0xff, 0xed,
  0xe1, 0xff, 0xff, 0xff, 0xff, 0x66, 0x7f, 0xe0, 0x00, 0x00, 0x00, 0x00,
  0x00, 0x00, 0x01, 0x8f, 0xbf, 0x01, 0xf3, 0x1e, 0x7f, 0xff, 0xe0, 0x00,
  0x7d, 0xf0, 0x00, 0x7e, 0xfb, 0xe7, 0xff, 0x7c, 0xff, 0xff, 0xfe, 0xd9,
  0xf0, 0x00, 0x00, 0x00, 0x00, 0x00, 0x00, 0x0f, 0xff, 0xf9, 0xff, 0xfb,
  0xf8, 0x77, 0xff, 0xef, 0xff, 0xe3, 0xff, 0xfb, 0x87, 0x7f, 0xff, 0xed,
  0xe1, 0xff, 0xfb, 0xff, 0xf7, 0xef, 0xef, 0xe0, 0x00, 0x00, 0x00, 0x00,
  0x00, 0x00, 0x01, 0x8f, 0xbe, 0x01, 0xf3, 0x1e, 0x7d, 0xff, 0xe0, 0x00,
  0x7d, 0xf0, 0x1f, 0x3e, 0xfb, 0xe7, 0xdf, 0x7c, 0xff, 0xdf, 0xbe, 0xd9,
  0xf7, 0x80, 0x00, 0x00, 0x00, 0x00, 0x00, 0x0e, 0x00, 0x18, 0x00, 0x00,
  0x30, 0x00, 0x00, 0x00, 0x60, 0x60, 0x00, 0xc0, 0x00, 0x00, 0x00, 0x1c,
  0x00, 0x00, 0xc0, 0x00, 0x00, 0x67, 0x60, 0x60, 0x00, 0x00, 0x00, 0x00,
  0x00, 0x00, 0x07, 0xec, 0x00, 0x00, 0x0f, 0x06, 0x00, 0x01, 0x80, 0x00,
  0x00, 0x00, 0x1f, 0x00, 0x01, 0x80, 0x00, 0x00, 0x00, 0x00, 0x00, 0x00,
  0x07, 0x80, 0x00, 0x00, 0x00, 0x00, 0x00, 0x00, 0x00, 0x00, 0x00, 0x00,
  0x00, 0x00, 0x00, 0x00, 0x00, 0x00, 0x00, 0x00, 0x00, 0x00, 0x00, 0x00,
  0x00, 0x00, 0x00, 0x00, 0x00, 0x60, 0x60, 0x00, 0x00, 0x00, 0x00, 0x00,
  0x00, 0x00, 0x07, 0xec, 0x00, 0x00, 0x0f, 0x06, 0x00, 0x01, 0x80, 0x00,
  0x00, 0x00, 0x1f, 0x00, 0x01, 0x80, 0x00, 0x00, 0x00, 0x00, 0x00, 0x00,
  0x07, 0x80, 0x00, 0x00, 0x00, 0x00, 0x00, 0x00, 0x00, 0x00, 0x00, 0x00,
  0x00, 0x00, 0x00, 0x00, 0x00, 0x00, 0x00, 0x00, 0x00, 0x00, 0x00, 0x00,
  0x00, 0x00, 0x00, 0x00, 0x00, 0x00, 0x00, 0x00, 0x00, 0x00, 0x00, 0x00,
  0x00, 0x00, 0x00, 0x00, 0x00, 0x00, 0x00, 0x06, 0x00, 0x00, 0x00, 0x00,
  0x00, 0x00, 0x00, 0x00, 0x00, 0x00, 0x00, 0x00, 0x00, 0x00, 0x00, 0x00,
  0x00, 0x00, 0x00, 0x00, 0x00, 0x00, 0x00, 0x00, 0x00, 0x00, 0x00, 0x00,
  0x00, 0x00, 0x00, 0x00, 0x00, 0x00, 0x00, 0x00, 0x00, 0x00, 0x00, 0x00,
  0x00, 0x00, 0x00, 0x00, 0x00, 0x00, 0x00, 0x00, 0x00, 0x00, 0x00, 0x00,
  0x00, 0x00, 0x00, 0x00, 0x00, 0x00, 0x00, 0x00, 0x00, 0x00, 0x00, 0x00,
  0x00, 0x00, 0x00, 0x00, 0x00, 0x00, 0x00, 0x00, 0x00, 0x00, 0x00, 0x00,
  0x00, 0x00, 0x00, 0x00, 0x00, 0x00, 0x00, 0x00, 0x00, 0x00, 0x00, 0x00,
  0x00, 0x00, 0x00, 0x00, 0x00, 0x00, 0x00, 0x00, 0x00, 0x00, 0x00, 0x00,
  0x00, 0x00, 0x00, 0x00, 0x00, 0x00, 0x00, 0x00, 0x00, 0x00, 0x00, 0x00,
  0x00, 0x00, 0x00, 0x00, 0x00, 0x00, 0x00, 0x00, 0x00, 0x00, 0x00, 0x00,
  0x00, 0x00, 0x00, 0x00, 0x00, 0x00, 0x00, 0x00, 0x00, 0x00, 0x00, 0x00,
  0x00, 0x00, 0x00, 0x00, 0x00, 0x00, 0x00, 0x00, 0x00, 0x00, 0x00, 0x00,
  0x00, 0x00, 0x00, 0x00, 0x00, 0x00, 0x00, 0x00, 0x00, 0x00, 0x00, 0x00,
  0x00, 0x00, 0x00, 0x00, 0x00, 0x00, 0x00, 0x00, 0x00, 0x00, 0x00, 0x00,
  0x00, 0x00, 0x00, 0x00, 0x00, 0x00, 0x00, 0x00, 0x00, 0x00, 0x00, 0x00,
  0x00, 0x00, 0x00, 0x00, 0x00, 0x00, 0x00, 0x00, 0x00, 0x00, 0x00, 0x00,
  0x00, 0x00, 0x00, 0x00, 0x00, 0x00, 0x00, 0x00, 0x00, 0x00, 0x00, 0x00,
  0x00, 0x00, 0x00, 0x00, 0x00, 0x00, 0x00, 0x00, 0x00, 0x00, 0x00, 0x00,
  0x00, 0x00, 0x00, 0x00, 0x00, 0x00, 0x00, 0x00, 0x00, 0x00, 0x00, 0x00,
  0x00, 0x00, 0x00, 0x00, 0x00, 0x00, 0x00, 0x00, 0x00, 0x00, 0x00, 0x00,
  0x00, 0x00, 0x00, 0x00, 0x00, 0x00, 0x00, 0x00, 0x00, 0x00, 0x00, 0x00,
  0x00, 0x00, 0x00, 0x00, 0x00, 0x00, 0x00, 0x00, 0x00, 0x00, 0x00, 0x00,
  0x00, 0x00, 0x00, 0x00, 0x00, 0x00, 0x00, 0x00, 0x00, 0x00, 0x00, 0x00,
  0x00, 0x00, 0x00, 0x00, 0x00, 0x00, 0x00, 0x00, 0x00, 0x00, 0x00, 0x00,
  0x00, 0x00, 0x00, 0x00, 0x00, 0x00, 0x00, 0x00, 0x00, 0x00, 0x00, 0x00,
  0x00, 0x00, 0x00, 0x00, 0x00, 0x00, 0x00, 0x00, 0x00, 0x00, 0x00, 0x00,
  0x00, 0x00, 0x00, 0x00, 0x00, 0x00, 0x00, 0x00, 0x00, 0x00, 0x00, 0x00,
  0x00, 0x00, 0x00, 0x00, 0x00, 0x00, 0x00, 0x00, 0x00, 0x00, 0x00, 0x00,
  0x00, 0x00, 0x00, 0x00, 0x00, 0x00, 0x00, 0x00, 0x00, 0x00, 0x00, 0x00,
  0x00, 0x00, 0x00, 0x00, 0x00, 0x00, 0x00, 0x00, 0x00, 0x00, 0x00, 0x00,
  0x00, 0x00, 0x00, 0x00, 0x00, 0x00, 0x00, 0x00, 0x00, 0x00, 0x00, 0x00,
  0x00, 0x00, 0x00, 0x00, 0x00, 0x00, 0x00, 0x00, 0x00, 0x00, 0x00, 0x00,
  0x00, 0x00, 0x00, 0x00, 0x00, 0x00, 0x00, 0x00, 0x00, 0x00, 0x00, 0x00,
  0x00, 0x00, 0x00, 0x00, 0x00, 0x00, 0x00, 0x00, 0x00, 0x00, 0x00, 0x00,
  0x00, 0x00
};
unsigned int example4_bmp_len = 16262;
